"plugin_id","plugin_path","primary_theme","confidence","best_deliverable","files_to_touch","tests_to_update","verification_commands"
"android","src/plugins/android","metadata-search-profile","0.87","完成一个低风险的 Android 静态 metadata/search-profile 增强迭代：统一 android 插件与 android-package/android-runtime 的 formats 和 surfaceRules vocabulary；为 structure/classes/packer/decompile/behavior graph 补 workflowRecipes 或 recommended_next_tools；把 behavior graph 的 hook candidates 映射到现有 Android Frida script URI；同步 `docs/plugins.html` 的工具数与工具列表。","src/plugins/android/index.ts; src/plugins/android/tools/apk-structure-analyze.ts; src/plugins/android/tools/dex-classes-list.ts; src/plugins/android/tools/apk-packer-detect.ts; src/plugins/android/tools/dex-decompile.ts; src/plugins/android/tools/android-behavior-graph.ts; docs/plugins.html","tests/unit/android-behavior-graph.test.ts：断言 script URI handoff、static-only safety notes 和 recipe metadata。; tests/unit/plugin-format-matrix.test.ts：断言 android 插件 formats/surface/workflow metadata 覆盖 `android-package`、`multi-dex`、`odex`、`art` 等标签。; tests/unit/workflow-search.test.ts 或 tests/unit/tools-discover.test.ts：增加 `file_type=APK`/`finding=packed` 对 android 插件和 `apk.packer.detect`/`android.behavior.graph` 的推荐命中断言。","npm test -- tests/unit/android-behavior-graph.test.ts tests/unit/plugin-format-matrix.test.ts tests/unit/workflow-search.test.ts tests/unit/tools-discover.test.ts; npm run typecheck; npm run lint -- --quiet"
"android-package","src/plugins/android-package","metadata-search-profile","0.88","为 `android.package.inventory` 增加静态 inventory workflow contract 和 profile-friendly handoff metadata：tool-level `workflowRecipes`、builtin `workerBackend` safety policy、补齐 `android-bytecode`/`workflow-plan` 等关键 aspects，并在输出中增加顶层 `workflowRecipes`、`formats`、`platforms`、`evidence` 以及 route candidate 的 `format`/`architecture` 字段。","src/plugins/android-package/tools/android-package-inventory.ts; src/plugins/android-package/index.ts","tests/unit/plugin-format-matrix.test.ts; tests/unit/tool-help.test.ts; tests/unit/plugin-list.test.ts; tests/unit/tools-discover.test.ts; tests/unit/sample-profile-get.test.ts","npm test -- --runTestsByPath tests/unit/plugin-format-matrix.test.ts tests/unit/tool-help.test.ts tests/unit/plugin-list.test.ts tests/unit/tools-discover.test.ts tests/unit/sample-profile-get.test.ts; npm run typecheck"
"android-runtime","src/plugins/android-runtime","metadata-search-profile","0.87","先做一个小而高收益的 “Android runtime discoverability/profile 深化” 迭代：补齐 `android-runtime` 的 Android fileTypes、finding triggers、capability/evidence tags、推荐静态前置工具（特别是 `android.behavior.graph`），并清理不存在的 `resources.scripts` 声明或补充说明。输出仍保持 plan_only，不接入任何真实 ADB/emulator/Frida 执行。","src/plugins/android-runtime/index.ts; tests/unit/android-runtime-readiness.test.ts; tests/unit/plugin-format-matrix.test.ts; tests/unit/runtime-session-templates.test.ts; tests/unit/workflow-search.test.ts","更新 `tests/unit/android-runtime-readiness.test.ts`：断言新增 Android aliases、finding triggers、workflow/provenance/native/logcat 或 root/SSL pinning 能力词，并确认 safety_notes 仍禁止 install/launch/attach。; 更新 `tests/unit/plugin-format-matrix.test.ts`：确认 `android-runtime` 对 `android-bytecode`、`multi-dex`、`odex`、`aar`、`art` 等 profile tags 可被矩阵匹配。; 更新 `tests/unit/workflow-search.test.ts`：新增 file_type=`apk`/`android-bytecode`、query=`ssl pinning frida android`、finding=`classloader-reflection` 时 `android.runtime.plan` 排名和 activation_required 符合预期。; 若调整 recipe/nextTools，更新 `tests/unit/runtime-session-templates.test.ts` 对 workflow metadata 的断言。","npm test -- tests/unit/android-runtime-readiness.test.ts tests/unit/runtime-session-templates.test.ts tests/unit/plugin-format-matrix.test.ts tests/unit/workflow-search.test.ts --runInBand; npm run typecheck"
"angr","src/plugins/angr","metadata-search-profile","0.88","先做“angr CFGFast metadata + read-only mocked tests”小迭代：让 `angr.analyze` 准确声明 `backend_angr_cfg_fast` artifact、functions/cfg/control-flow/provenance evidence、`angr.cfgfast-corroboration` workflowRecipe、workerBackend policy，并补 `surfaceRules.activateOn`。不改变 Python 执行逻辑。","src/plugins/angr/tools/angr-analyze.ts; src/plugins/angr/index.ts; tests/unit/plugin-format-matrix.test.ts; tests/unit/angr-analyze.test.ts","新增 `tests/unit/angr-analyze.test.ts`：mock backend unavailable 返回 `setup_required`；mock `runPythonJson` 成功返回函数列表并验证 data/artifact/metrics；mock backend JSON 异常返回 normalizeError。; 更新 `tests/unit/plugin-format-matrix.test.ts`：断言 angr 的 tool metadata 包含 formats、artifact `backend_angr_cfg_fast`、evidence `functions/cfg/control-flow/provenance`、workflow recipe。","npm test -- --runTestsByPath tests/unit/angr-analyze.test.ts tests/unit/plugin-format-matrix.test.ts; npm test -- --runTestsByPath tests/unit/workflow-search.test.ts tests/unit/tool-readiness.test.ts; npm run build; node scripts/generate-docker.mjs --dry-run --include=angr"
"api-hash","src/plugins/api-hash","metadata-search-profile","0.88","先做一个小的“解析工具证据化”迭代：为 `hash.resolve` 和 `hash.identify` 增加 tool-level aspects/evidence/workflowRecipes，补 deterministic 单测验证 ROR13/auto/无匹配/Unicode 或并列候选，并修正 systemDeps 为 Python executable。","src/plugins/api-hash/index.ts; src/plugins/api-hash/tools/hash-resolve.ts; src/plugins/api-hash/tools/hash-identify.ts; tests/unit/hash-tools.test.ts; tests/unit/plugin-format-matrix.test.ts; docs/PLUGINS.md; docs/tool-catalog.html","新增 `tests/unit/hash-tools.test.ts`：直接调用 `createHashResolveHandler` 和 `createHashIdentifyHandler`，mock/使用临时 WorkspaceManager 与 DatabaseManager，覆盖解析成功、auto、多算法/无匹配、Python missing setup_required 分支。; 更新 `tests/unit/plugin-format-matrix.test.ts`：断言 `hash.resolve`/`hash.identify` 的 aspects、evidence、workflowRecipes 和 artifact metadata。","npm test -- --runTestsByPath tests/unit/hash-tools.test.ts tests/unit/hash-resolver-plan.test.ts tests/unit/plugin-format-matrix.test.ts --runInBand; npm run typecheck; npm run lint; npm run docs:tool-catalog; git diff --check src/plugins/api-hash/index.ts src/plugins/api-hash/tools/hash-resolve.ts src/plugins/api-hash/tools/hash-identify.ts tests/unit/hash-tools.test.ts tests/unit/plugin-format-matrix.test.ts docs/PLUGINS.md docs/tool-catalog.html"
"apk-smali","src/plugins/apk-smali","functional-worker-depth","0.88","让 `apk.disassemble` 正确覆盖 apktool 输出的所有 `smali*` 目录，并在结果中保留 multi-dex 分组/计数；这是最小但高价值的能力补强，能直接减少二级 DEX 漏报。","src/plugins/apk-smali/tools/apk-disassemble.ts","tests/unit/apk-smali-disassemble.test.ts; tests/unit/plugin-format-matrix.test.ts","npm test -- apk-smali-disassemble; npm test -- plugin-format-matrix; npm run typecheck"
"apple-container","src/plugins/apple-container","metadata-search-profile","0.9","给 `apple.container.inventory` 添加一个静态 workflow recipe（例如 `apple.container.static-inventory`），并同步调整 metadata：recipe 产出 `apple_container_inventory`，后续工具指向 `apple.signing.inspect`、`macho.structure.analyze`、`apple.security.profile`、`macos.runtime.plan`、`ios.runtime.plan`，safety 明确 `passive`、`no_auto_mount`、`no_installer_execution`、`no_live_sample_by_default`；同时考虑把工具 evidence 中不准确的 `certificates` 改为 `manifest`/`package-metadata`/`nested-binaries`/`provenance`。","src/plugins/apple-container/tools/apple-container-inventory.ts; tests/unit/apple-container-inventory.test.ts; tests/unit/plugin-format-matrix.test.ts","在 `tests/unit/apple-container-inventory.test.ts` 增加插件注册测试，断言 `apple.container.inventory` 的 `workflowRecipes[0]` 包含 id、startsWith、nextTools、producesArtifacts、evidence 和 safety。; 按现有矩阵风格在 `tests/unit/plugin-format-matrix.test.ts` 增加或扩展 Apple workflow recipe 覆盖，确认 `workflow.search`/discovery 可看到该 recipe。","npm test -- --runTestsByPath tests/unit/apple-container-inventory.test.ts tests/unit/plugin-format-matrix.test.ts; npm run typecheck"
"apple-signing","src/plugins/apple-signing","metadata-search-profile","0.88","把 `.xcent` 和 `.provisionprofile` 作为 Apple signing metadata 一等输入端到端支持：inspect 能识别并归类，security profile 能计入 entitlement/provisioning summary，surface/profile tags 能让 `workflow.search` 命中，相关单测覆盖。","src/plugins/apple-signing/index.ts; src/plugins/apple-signing/tools/apple-signing-inspect.ts; src/plugins/apple-signing/tools/apple-security-profile.ts; packages/plugin-sdk/src/index.ts; src/sample/sample-finalization.ts; tests/unit/plugin-format-matrix.test.ts; tests/unit/apple-security-profile.test.ts; docs/PLUGINS.md（若提交生成文档）; docs/tool-catalog.html（若提交生成文档）","在 `tests/unit/plugin-format-matrix.test.ts` 中扩展现有 Apple signing inventory 用例：断言 `Payload/Demo.app/archived-expanded-entitlements.xcent` 被归入 entitlement/bundle metadata candidates，并覆盖单文件 `.xcent`/`.provisionprofile` detect/profile tags。; 在 `tests/unit/apple-security-profile.test.ts` 中增加 `.provisionprofile` 和 `.xcent` 输入片段，断言 provisioning/entitlement count、platform hint 和 runtime constraints 不回退。; 如修改 `src/sample/sample-finalization.ts`，补充 detectFileType 对 `Demo.xcent`、`embedded.provisionprofile` 的断言。","npm test -- --runTestsByPath tests/unit/plugin-format-matrix.test.ts tests/unit/apple-security-profile.test.ts; npx eslint ""src/plugins/apple-signing/**/*.ts"" ""packages/plugin-sdk/src/index.ts"" ""src/sample/sample-finalization.ts"" --quiet --no-error-on-unmatched-pattern; npm run docs:tool-catalog"
"batch","src/plugins/batch","metadata-search-profile","0.87","做一个小而高收益的 metadata/discovery 迭代：让 `batch.submit`、`batch.status`、`batch.results` 作为 declarative tools 暴露给 `plugin.list/tools.discover/workflow.search`，补齐 tool-level aspects、`batch_job`/`batch_result_bundle` artifact/evidence、`batch.corpus-pipeline-orchestration` workflow recipe，以及说明动态 pipeline 需要 opt-in 的 runtimePolicy；行为层尽量不改。","src/plugins/batch/index.ts; src/plugins/batch/tools/batch-analysis.ts","新增 `tests/unit/batch-analysis.test.ts`：断言 3 个 tool definition 均有 outputSchema、artifacts/evidence/workflowRecipes/runtimePolicy，并用 `createPluginTestHarness` 注册 batch 插件确认工具名不变。; 更新 `tests/unit/plugin-format-matrix.test.ts`：加入 batch workflow recipe/metadata 期望，确保 plugin matrix 的 `by_workflow` 和 tool metadata 能索引 batch。","npm test -- --runTestsByPath tests/unit/batch-analysis.test.ts tests/unit/plugin-format-matrix.test.ts; npm run typecheck; npm run lint"
"behavior-first","src/plugins/behavior-first","metadata-search-profile","0.88","第一轮建议做“元数据与搜索/安全解释深化”：不改变 worker 行为，先让 `behavior-first` 以声明式 `tools` 暴露 3 个工具的 aspects、artifacts、evidence、workflowRecipes、workerBackend/runtimePolicy，并收窄 `behavior.capture` 的实际支持范围到 Windows PE/.NET + Frida/Runtime Node；`behavior.ioc`、`behavior.network` 明确为对已有行为数据的 passive post-processing。","src/plugins/behavior-first/index.ts; src/plugins/behavior-first/tools/behavior-capture.ts; src/plugins/behavior-first/tools/behavior-ioc.ts; src/plugins/behavior-first/tools/behavior-network.ts","tests/unit/behavior-first-metadata.test.ts; tests/unit/plugin-list.test.ts; tests/unit/workflow-search.test.ts; tests/unit/tool-readiness.test.ts","npm test -- --runInBand tests/unit/behavior-first-metadata.test.ts tests/unit/plugin-list.test.ts tests/unit/workflow-search.test.ts tests/unit/tool-readiness.test.ts; npm run typecheck"
"binary-diff","src/plugins/binary-diff","runtime-readiness-policy","0.86","先做“radiff2 函数级 diff 可运行且 readiness 可解释”的小迭代：修正/测试 worker 脚本路径解析，增加 `radiff2` 与 Python 的 `systemDeps`/`configSchema`，并保留缺失 backend 时的 graceful warning，不改变用户输入输出协议。","src/plugins/binary-diff/binary-diff-engine.ts; src/plugins/binary-diff/index.ts; tests/unit/binary-diff.test.ts; tests/unit/tool-readiness.test.ts","新增或重构 engine 测试，直接覆盖真实 `runRizinDiff` 路径解析、`python3` 成功、`python3` 失败后 fallback `python`、worker JSON parse 失败降级。; 更新 readiness/help 相关测试，断言 `radiff2`、`RADIFF2_PATH`、Python 依赖可被 metadata 暴露。; 保留现有 structural delta 测试，并逐步停止复制 engine 纯函数，改为 import 真实实现，避免测试与实现漂移。","npm test -- --runTestsByPath tests/unit/binary-diff.test.ts tests/unit/tool-readiness.test.ts; npm run typecheck; npm run lint"
"bytecode","src/plugins/bytecode","metadata-search-profile","0.87","最小首轮建议：为 `bytecode.metadata.inspect` 增加 `bytecode.static-inventory-handoff` workflow recipe、`workflow` evidence、搜索用能力词和 surface activation aliases/findings；验证 `workflow.search` 对 PYC/Lua/V8 查询能稳定推荐该插件，且仍保持 no-interpreter/no-decompiler 的 passive 语义。","src/plugins/bytecode/tools/bytecode-metadata-inspect.ts; src/plugins/bytecode/index.ts; tests/unit/bytecode-metadata-inspect.test.ts; tests/unit/plugin-format-matrix.test.ts; tests/unit/workflow-search.test.ts","在 `tests/unit/bytecode-metadata-inspect.test.ts` 断言 tool definition 含 workflowRecipes、workflow evidence、passive safety。; 在 `tests/unit/plugin-format-matrix.test.ts` 增加 bytecode workflow recipe metadata 期望，类似已有 `javascript-deobfuscation`、`jsvmp-analysis` recipe 校验。; 在 `tests/unit/workflow-search.test.ts` 增加真实或 fixture plugin 场景：`query='python bytecode decompile'`、`file_type='PYC'`、`file_type='Lua-Bytecode'`、`file_type='V8-Cache'` 都能把 `bytecode.metadata.inspect` 放入推荐结果，且不激活/不执行工具。","npm test -- --runInBand tests/unit/bytecode-metadata-inspect.test.ts; npm test -- --runInBand tests/unit/plugin-format-matrix.test.ts; npm test -- --runInBand tests/unit/workflow-search.test.ts; npm run typecheck"
"capstone","src/plugins/capstone","metadata-search-profile","0.88","最推荐先做一个 metadata-only 小迭代：给 `disasm.quick` 与 `shellcode.disasm` 增加 workflow recipes、补充更准确的 capabilities/evidence/safety tag，并在 `capstone` 的 `surfaceRules` 增加 fileTypes 与 query/finding signalMap；不改变实际反汇编执行逻辑。","src/plugins/capstone/index.ts; src/plugins/capstone/tools/disasm-quick.ts; src/plugins/capstone/tools/shellcode-disasm.ts","tests/unit/capstone-disasm.test.ts：断言两个 tool 的 workflowRecipes、evidence categories、surface/search 相关 metadata。; tests/unit/plugin-format-matrix.test.ts：把 Capstone recipe 纳入现有 workflow recipe metadata 期望，确保矩阵能索引。; 可选：tests/unit/workflow-search.test.ts 增一个轻量 fixture，验证 query/file_type/finding 能把 Capstone 排到 shellcode/entrypoint 场景。","npm test -- --runTestsByPath tests/unit/capstone-disasm.test.ts tests/unit/plugin-format-matrix.test.ts; npm test -- --runTestsByPath tests/unit/workflow-search.test.ts tests/unit/tool-help.test.ts; npm run typecheck"
"code-analysis","src/plugins/code-analysis","metadata-search-profile","0.89","做一个“metadata-only deepening”小迭代：不改 handler 行为，给 6-7 个高价值 code-analysis tools 补齐 `aspects/artifacts/evidence/workflowRecipes/safety`，并用测试证明 `workflow.search` 和 `tool.help` 能按函数恢复、CFG、xref、native export、dotnet export 查询命中。","src/plugins/code-analysis/tools/code-functions-smart-recover.ts; src/plugins/code-analysis/tools/code-functions-define.ts; src/plugins/code-analysis/tools/code-xrefs-analyze.ts; src/plugins/code-analysis/tools/code-function-cfg.ts; src/plugins/code-analysis/tools/code-functions-reconstruct.ts; src/plugins/code-analysis/tools/code-reconstruct-export.ts; src/plugins/code-analysis/tools/dotnet-reconstruct-export.ts; tests/unit/plugin-format-matrix.test.ts; tests/unit/tool-help.test.ts; tests/unit/workflow-search.test.ts","在 `tests/unit/plugin-format-matrix.test.ts` 增加 `expectToolMetadata` 断言：`code.function.cfg` 产出 `cfg_graph_*`，`code.xrefs.analyze` 产出 xref evidence，`code.functions.reconstruct` 产出 functions/runtime-correlation evidence，`code.reconstruct.export` 和 `dotnet.reconstruct.export` 产出 reconstruction project artifacts。; 在 `tests/unit/plugin-format-matrix.test.ts` 增加 workflow recipe 断言：`reverse.function-index-recovery`、`reverse.cfg-graph-export`、`reverse.function-reconstruction`、`reverse.native-reconstruct-export`、`reverse.dotnet-reconstruct-export`。; 在 `tests/unit/workflow-search.test.ts` 增加查询覆盖：`query=""CFG graph mermaid""`、`query=""function boundary recovery""`、`file_type=dotnet goal=reverse` 应返回对应 code-analysis tool / recipe。; 在 `tests/unit/tool-help.test.ts` 扩展 metadata 展示断言，确保 artifact/evidence/workflow recipe 可被 help 输出展示。","npm test -- --runInBand --forceExit --runTestsByPath tests/unit/plugin-format-matrix.test.ts tests/unit/tool-help.test.ts tests/unit/workflow-search.test.ts tests/unit/cross-decompiler-consensus.test.ts; npx tsc --noEmit --pretty false; npm run docs:tool-catalog; git diff --check -- src/plugins/code-analysis tests/unit/plugin-format-matrix.test.ts tests/unit/tool-help.test.ts tests/unit/workflow-search.test.ts docs/tool-catalog.html docs/PLUGINS.md"
"container-analysis","src/plugins/container-analysis","metadata-search-profile","0.88","为 `container.structure.analyze` 补一个最小被动 workflow recipe，并用单测证明 recipe 可被插件矩阵/`workflow.search` 发现；同时不改变实际分析行为。","src/plugins/container-analysis/tools/container-structure-analyze.ts; tests/unit/plugin-format-matrix.test.ts; tests/unit/workflow-search.test.ts","在 `tests/unit/plugin-format-matrix.test.ts` 增加断言：`container.structure.analyze` 暴露 `workflowRecipes[0].id === 'container.archive.passive-inventory'`，并包含 `sbom.provenance.graph`、`firmware.workflow.plan`、`linux.package.inventory` 等现有下游。; 在 `tests/unit/workflow-search.test.ts` 增加 archive/container file_type 或 query 场景，验证 search result 的 `workflow_id`/`matched_profile_fields` 能体现 recipe。","npm test -- --runTestsByPath tests/unit/plugin-format-matrix.test.ts tests/unit/workflow-search.test.ts tests/unit/container-structure-analyze.test.ts; npx eslint src/plugins/container-analysis/tools/container-structure-analyze.ts tests/unit/plugin-format-matrix.test.ts tests/unit/workflow-search.test.ts --quiet; npm run typecheck"
"crackme","src/plugins/crackme","metadata-search-profile","0.86","做一个只改 metadata/测试/文档的小迭代：为 crackme 的 4 个 tool 增加保守的 tool 级 `aspects`、`artifacts`、`evidence`、`workflowRecipes`；为 worker-backed tool 声明 `workerBackend` 和 opt-in runtime policy；修正 `ANGR_AVAILABLE`→`ANGR_PYTHON` 及 Speakeasy/Qiling deps 的声明，并修 `docs/PLUGINS.md` 工具数。","src/plugins/crackme/index.ts; src/plugins/crackme/tools/crackme-locate-validation.ts; src/plugins/crackme/tools/symbolic-explore.ts; src/plugins/crackme/tools/patch-generate.ts; src/plugins/crackme/tools/keygen-verify.ts; tests/unit/crackme-plugin-metadata.test.ts; docs/PLUGINS.md","新增 `tests/unit/crackme-plugin-metadata.test.ts`：注册插件后断言 4 个 tool 存在，tool 级 aspects/artifacts/evidence/workflowRecipes 不为空，`symbolic.explore`/`keygen.verify` 有 workerBackend/runtimePolicy。; 更新或补充 plugin/search 相关断言：`workflow.search` 以 query=`crackme serial validation keygen`、file_type=`.exe`、goal=`reverse` 时能推荐 `crackme` 和关键工具。; 保留现有 handler 行为测试不变，避免首迭代误触 worker 执行。","npm test -- --runTestsByPath tests/unit/crackme-plugin-metadata.test.ts tests/unit/workflow-search.test.ts; npm test -- --runTestsByPath tests/unit/crackme-locate-validation.test.ts tests/unit/symbolic-explore.test.ts tests/unit/keygen-verify.test.ts tests/unit/patch-generate.test.ts; npm run docs:tool-catalog; npm run typecheck"
"cross-module","src/plugins/cross-module","metadata-search-profile","0.88","Metadata-first 深化：让 `cross-module` 的 3 个工具在 `plugin.list`、`workflow.search`、aspect matrix 和 docs 中可被精确发现。具体交付为 tool-level aspects/artifacts/evidence/workflowRecipes、增强后的 plugin safety/surfaceRules，以及 `index.ts` 中可供发现面读取的 declarative `tools` metadata；不改算法行为。","src/plugins/cross-module/index.ts; src/plugins/cross-module/tools/cross-binary-compare.ts; src/plugins/cross-module/tools/call-graph-cross-module.ts; src/plugins/cross-module/tools/dll-dependency-tree.ts; tests/unit/plugin-format-matrix.test.ts; tests/unit/workflow-search.test.ts","在 `tests/unit/plugin-format-matrix.test.ts` 增加 `expectToolMetadata` 覆盖 `cross.binary.compare`、`call.graph.cross.module`、`dll.dependency.tree` 的 formats/artifacts/evidence。; 在 workflow recipe metadata 断言中加入 cross-module recipe，例如 `cross-module.multi-sample-correlation`、`cross-module.call-graph-correlation`、`cross-module.dependency-sideload-triage`，检查 startsWith、nextTools、producesArtifacts、evidence、safety。; 在 `tests/unit/workflow-search.test.ts` 增加一个搜索用例：query 包含 `dll sideload` 或 `multi sample lineage` 时，推荐结果命中 `cross-module`，并带有 workflow score / recommended tools。","npm test -- tests/unit/plugin-format-matrix.test.ts tests/unit/workflow-search.test.ts; npm test -- tests/unit/cross-binary-compare.test.ts tests/unit/call-graph-cross-module.test.ts tests/unit/dll-dependency-tree.test.ts; npm run typecheck; npm run docs:tool-catalog"
"culifter","src/plugins/culifter","artifact-evidence-quality","0.9","把 `culifter.gpu.artifact.inventory` 从 fixture-only builtin worker 深化为无 GPU、无外部后端的被动 GPU artifact inventory：读取 bounded local artifact preview，识别 CUDA/fatbin/PTX/SASS/kernel/SM architecture hints，输出 `gpu_artifact_inventory`、`gpu_kernel_summary`、policy、warnings、provenance 和 recommended next tools。","src/plugins/culifter/index.ts; src/plugins/culifter/tools/culifter-gpu-artifact-inventory.ts; tests/unit/culifter-worker.test.ts; tests/unit/culifter-gpu-artifact-inventory.test.ts; tests/unit/plugin-format-matrix.test.ts","新增 Buffer fixture 单测：PTX 文本含 `.visible .entry`、`.target sm_80` 时返回 kernel/architecture/PTX candidate。; 新增 Buffer fixture 单测：ELF/native preview 中含 `.nv_fatbin`、`__cudaFatBin`、`cudaLaunchKernel`、SASS/`SM80` marker 时返回 fatbin/SASS/host-device hints。; 更新 `culifter-worker.test.ts`：继续验证 `backend-worker.v1` 和 `gpu_driver_required: false`，同时断言 builtin worker 返回结构化 inventory 字段、policy/no execution 语义。; 如 formats/evidence/artifacts 有变动，更新 `plugin-format-matrix.test.ts` 对 `culifter.gpu.plan` 和 worker metadata 的期望。","npm test -- tests/unit/culifter-worker.test.ts tests/unit/culifter-gpu-artifact-inventory.test.ts tests/unit/plugin-format-matrix.test.ts --runInBand; npm run lint; npm run typecheck"
"debug-session","src/plugins/debug-session","functional-worker-depth","0.86","优先把 `debug.session.snapshot` 做成真实 active-session 只读快照：session 不存在时失败；存在时采集 registers、stack、disasm 和用户指定 memory dumps；memory map/modules 先 best-effort，保留清晰 warnings。这个迭代直接把一个已暴露但占位的能力变成可用能力，风险和改动面都可控。","src/plugins/debug-session/tools/debug-session-snapshot.ts; tests/unit/debug-session-snapshot.test.ts; tests/unit/debug-session.test.ts","新增 `tests/unit/debug-session-snapshot.test.ts`：验证 schema defaults、unknown session 失败、active fake session 下按 include flags 调用 GDB commands、单项 GDB 失败时返回 partial data/warnings。; 更新 `tests/unit/debug-session.test.ts`：补齐 `debug.session.smart_breakpoint`、`debug.session.snapshot`、`debug.session.watch` 的导出断言，因为当前只覆盖前 6 个工具。","npm test -- tests/unit/debug-session-snapshot.test.ts tests/unit/debug-session.test.ts; npm test -- tests/unit/debug-session-inspect.test.ts tests/unit/debug-session-step.test.ts tests/unit/debug-session-continue.test.ts; npm run lint -- --quiet; npm run typecheck"
"deep-unpack","src/plugins/deep-unpack","metadata-search-profile","0.88","做一个 metadata-only 深化迭代：为 deep-unpack 插件和 3 个工具补真实范围的 tool-level aspects/artifacts/evidence/workflowRecipes/runtimePolicy/workerBackend，并用单元测试断言它们能被注册、帮助和 workflow profile 发现；不改变实际脱壳行为。","src/plugins/deep-unpack/index.ts; src/plugins/deep-unpack/tools/deep-unpack-pipeline.ts; src/plugins/deep-unpack/tools/deep-unpack-dump-scan.ts; src/plugins/deep-unpack/tools/deep-unpack-pe-reconstruct.ts; tests/unit/deep-unpack-metadata.test.ts","新增 `tests/unit/deep-unpack-metadata.test.ts`：用 plugin harness 注册 `deep-unpack`，断言 3 个工具存在、各自声明 `workflowRecipes`、artifact/evidence、runtime policy 或 worker backend。; 必要时补 `tests/unit/tool-help.test.ts` 或 `tests/unit/plugin-list.test.ts` 的 targeted fixture，确认 `workflow_recipes`、`worker_backend`、`runtime_policy` 会出现在帮助/列表输出。","npm test -- tests/unit/deep-unpack-metadata.test.ts; npm test -- tests/unit/tool-help.test.ts tests/unit/plugin-list.test.ts tests/unit/plugin-format-matrix.test.ts; npm run typecheck"
"die","src/plugins/die","runtime-readiness-policy","0.88","统一 DIE backend 配置命名：`DIE_PATH` 作为 canonical，`DIEC_PATH` 作为兼容 alias；插件 metadata、resolver、setup guidance/test 对齐，确保设置任一变量都能发现 `diec`。","src/plugins/die/index.ts; src/config/index.ts; src/infrastructure/static-backend-discovery.ts; src/infrastructure/setup-guidance.ts; tests/unit/setup-guidance.test.ts; tests/unit/plugin-format-matrix.test.ts","新增或扩展 env/config 测试，验证 `DIE_PATH` 和 `DIEC_PATH` 都能填充 `workers.static.diePath` 或被 `resolveDieCli` 识别。; 更新 setup guidance 断言，确认提示中包含 canonical `DIE_PATH`，并说明 `DIEC_PATH` 是兼容 alias。; 更新 plugin metadata/format matrix 断言，确认 `die` system dependency env var 与 resolver 一致。","npm test -- --runTestsByPath tests/unit/setup-guidance.test.ts tests/unit/plugin-format-matrix.test.ts tests/unit/die-scan.test.ts; npm run build"
"dotnet-decompile","src/plugins/dotnet-decompile","metadata-search-profile","0.87","完成 metadata-first 深化：为 `dotnet.decompile` 和 `dotnet.decompile.type` 声明工具级 aspects、artifact/evidence 输出、passive source-recovery workflowRecipe，并把 `surfaceRules.activateOn` 扩展到 `pe-clr`/`dotnet`/`nupkg`/`mono`/`winmd` fileTypes。该迭代不改变反编译执行路径，但会立刻提升 search/readiness/help 的可发现性和可解释性。","src/plugins/dotnet-decompile/index.ts; src/plugins/dotnet-decompile/tools/dotnet-decompile.ts; src/plugins/dotnet-decompile/tools/dotnet-decompile-type.ts; tests/unit/plugin-format-matrix.test.ts","在 `tests/unit/plugin-format-matrix.test.ts` 增加 `dotnet-decompile` 的 registered tool metadata 断言：formats 包含 `dotnet`/`pe-clr`，artifact type 包含 `dotnet_decompile`，evidence 包含 `artifact`/`provenance`/`workflow`。; 在同一测试中增加 workflowRecipe 断言：recipe 从 `dotnet.assembly.inspect`/`dotnet.metadata.extract`/`dotnet.types.list` 进入，nextTools 包含 `artifact.read`、`managed.il_xrefs`、`dotnet.reconstruct.export` 或 `report.generate`。; 可选增加 surfaceRules 断言：`dotnet-decompile` tier 仍为 2，`activateOn.fileTypes` 覆盖 `pe-clr`、`dotnet`、`nupkg`、`mono`、`winmd`。","npm test -- --runTestsByPath tests/unit/plugin-format-matrix.test.ts; npm test -- --runTestsByPath tests/unit/tools-discover.test.ts tests/unit/tool-readiness.test.ts; npm run typecheck"
"dotnet-managed","src/plugins/dotnet-managed","metadata-search-profile","0.88","先做 metadata-only 的 `dotnet.static.inventory` workflow recipe，并补 `cil` architecture/evidence tags，让 `workflow.search`、`tools.discover`、`tool-aspect-matrix` 能把 `dotnet.assembly.inspect` 稳定识别为 .NET 被动 inventory 入口；不改变解析逻辑。","src/plugins/dotnet-managed/index.ts; src/plugins/dotnet-managed/tools/dotnet-assembly-inspect.ts; tests/unit/plugin-format-matrix.test.ts","在 `tests/unit/plugin-format-matrix.test.ts` 中断言 `dotnet-managed` 或 `dotnet.assembly.inspect` 暴露 `workflowRecipes[0].id === 'dotnet.static.inventory'`。; 断言 aspect matrix `by_workflow` 包含 `dotnet.static.inventory`，且 target `pe-clr/nupkg` 推荐 `dotnet.assembly.inspect`。; 断言 architectures 包含 `cil`，evidence/artifact declarations 覆盖 `dotnet_assembly_inventory`、manifest、package-metadata、resources/provenance。","npm test -- tests/unit/plugin-format-matrix.test.ts --runInBand; npm test -- tests/unit/workflow-search.test.ts --runInBand; npm run typecheck"
"dotnet-reactor","src/plugins/dotnet-reactor","metadata-search-profile","0.87","为 `dotnet-reactor` 做 metadata-first 深化：4 个 `reactor.*` tool 各自声明精确 aspects、artifacts、evidence、workflowRecipes 和内置 Python `workerBackend`；修正 surfaceRules 的 fileTypes/findings aliases，并把动态/写 workspace 语义标清为 opt-in 或 mutation-aware。","src/plugins/dotnet-reactor/index.ts; src/plugins/dotnet-reactor/tools/anti-tamper.ts; src/plugins/dotnet-reactor/tools/string-decrypt.ts; src/plugins/dotnet-reactor/tools/dynamic-methods.ts; src/plugins/dotnet-reactor/tools/resource-export.ts; tests/unit/plugin-format-matrix.test.ts; tests/unit/workflow-search.test.ts; tests/unit/tool-readiness.test.ts; docs/tool-catalog.html","在 `tests/unit/plugin-format-matrix.test.ts` 中断言 `dotnet-reactor` tool metadata、artifact/evidence declarations、workflow recipe id 和 workerBackend 进入 aspect matrix。; 在 `tests/unit/workflow-search.test.ts` 中增加 query/file_type 场景：`.NET Reactor encrypted strings`、`anti tamper cctor`、`DynamicMethod` 能排名到 `dotnet-reactor` 或对应 `reactor.*` tool。; 在 `tests/unit/tool-readiness.test.ts` 中增加 workerBackend readiness 断言：readiness passive、不启动 backend、展示 `dnfile`/Python worker 策略。","npm test -- --runInBand --forceExit --runTestsByPath tests/unit/plugin-format-matrix.test.ts tests/unit/workflow-search.test.ts tests/unit/tool-readiness.test.ts tests/unit/tools-discover.test.ts; npx tsc --noEmit --pretty false; npm run docs:tool-catalog; git diff --check -- src/plugins/dotnet-reactor/index.ts src/plugins/dotnet-reactor/tools/anti-tamper.ts src/plugins/dotnet-reactor/tools/string-decrypt.ts src/plugins/dotnet-reactor/tools/dynamic-methods.ts src/plugins/dotnet-reactor/tools/resource-export.ts tests/unit/plugin-format-matrix.test.ts tests/unit/workflow-search.test.ts tests/unit/tool-readiness.test.ts docs/tool-catalog.html"
"dynamic","src/plugins/dynamic","runtime-readiness-policy","0.87","修复 dynamic tool-name 漂移并加回归测试：`runtime.debug.command` 对 canonical `dynamic.memory.dump` 与 legacy `dynamic.memory_dump` 都应解析到 `executeDynamicMemoryDump`、都要求 `sample_id`，`dynamic.deep_plan` / docs / generated catalog 使用 canonical `dynamic.auto.hook` 和 `dynamic.memory.dump`。","src/plugins/dynamic/tools/runtime-debug-session.ts; src/plugins/dynamic/tools/dynamic-deep-plan.ts; docs/usage.html; docs/plugins.html; docs/tool-catalog.html","tests/unit/runtime-debug-session.test.ts; tests/unit/dynamic-deep-plan.test.ts","npm test -- --runInBand --forceExit --runTestsByPath tests/unit/runtime-debug-session.test.ts tests/unit/dynamic-deep-plan.test.ts tests/unit/dynamic-runtime-status.test.ts; npm run docs:tool-catalog; npx tsc --noEmit --pretty false; git diff --check -- src/plugins/dynamic/tools/runtime-debug-session.ts src/plugins/dynamic/tools/dynamic-deep-plan.ts tests/unit/runtime-debug-session.test.ts tests/unit/dynamic-deep-plan.test.ts docs/usage.html docs/plugins.html docs/tool-catalog.html"
"elf-macho","src/plugins/elf-macho","metadata-search-profile","0.88","补齐 Mach-O import/export 一阶能力：新增 `macho.imports.extract` 和 `macho.exports.extract`，从现有 Mach-O 结构解析结果提取 dylib/RPATH/import-like undefined/external symbols 与导出符号，持久化 `macho_imports` / `macho_exports` artifacts，并在 metadata / docs / 矩阵测试中声明能力边界为 passive static、first-slice aware。","src/plugins/elf-macho/index.ts; src/plugins/elf-macho/tools/macho-imports-extract.ts; src/plugins/elf-macho/tools/macho-exports-extract.ts; src/plugins/elf-macho/workers/elf_macho_worker.py; tests/unit/macho-imports-extract.test.ts; tests/unit/macho-exports-extract.test.ts; tests/unit/elf-macho-support.test.ts; tests/unit/plugin-format-matrix.test.ts; docs/PLUGINS.md; docs/plugins.html; docs/tool-catalog.html","新增 `tests/unit/macho-imports-extract.test.ts`：schema、缺样本错误、mocked parse_macho 成功时提取 `LC_LOAD_DYLIB` / `LC_RPATH`、fat first-slice 标注。; 新增 `tests/unit/macho-exports-extract.test.ts`：schema、缺样本错误、GLOBAL/external/non-undefined 符号过滤、artifact type。; 更新 `tests/unit/elf-macho-support.test.ts`：确认新工具 definition 和 handler factory 导出。; 更新 `tests/unit/plugin-format-matrix.test.ts`：确认 `macho_imports` / `macho_exports` artifacts、imports/exports evidence、Mach-O formats 命中。","npm test -- --runInBand --forceExit --runTestsByPath tests/unit/macho-structure-analyze.test.ts tests/unit/macho-imports-extract.test.ts tests/unit/macho-exports-extract.test.ts tests/unit/elf-macho-support.test.ts tests/unit/plugin-format-matrix.test.ts; npx tsc --noEmit --pretty false; npm run docs:tool-catalog; git diff --check -- src/plugins/elf-macho/index.ts src/plugins/elf-macho/tools/macho-imports-extract.ts src/plugins/elf-macho/tools/macho-exports-extract.ts src/plugins/elf-macho/workers/elf_macho_worker.py tests/unit/macho-imports-extract.test.ts tests/unit/macho-exports-extract.test.ts tests/unit/elf-macho-support.test.ts tests/unit/plugin-format-matrix.test.ts docs/PLUGINS.md docs/plugins.html docs/tool-catalog.html"
"external-re-bridge","src/plugins/external-re-bridge","runtime-readiness-policy","0.88","让 `external_re.bridge.sync` 产出的 consensus artifact 可以被 `code.cross_decompiler.consensus` 直接消费：保留现有 `cross_decompiler_input_bundle` 外壳，同时新增/修正顶层 `backend`、`tool_name`、`artifact_type`、`artifact_id`、`confidence`，并把 optional function facts 的 `null` 改为省略或 schema 允许值。","src/plugins/external-re-bridge/index.ts","tests/unit/external-re-bridge.test.ts：断言 bridge 输出的 `data.consensus_bundle` 具有 CrossDecompilerArtifactSchema 兼容字段，且 optional 字段不输出 `null`。; tests/unit/cross-decompiler-consensus.test.ts：用一个 bridge 输出 artifact 加一个现有 fixture artifact 调用 `createCrossDecompilerConsensusHandler`，确认能形成 agreement/disagreement 且不启动 backend。","npm test -- --runTestsByPath tests/unit/external-re-bridge.test.ts tests/unit/cross-decompiler-consensus.test.ts; npm test -- --runTestsByPath tests/unit/mcp-tool-safety.test.ts; npm run typecheck"
"firmware","src/plugins/firmware","metadata-search-profile","0.87","修复 firmware 的 profile/search 可发现性：`U-Boot-uImage` / `FIT-Image` 能归一到 firmware tags；`firmware` surfaceRules 能识别当前 scan 输出信号；相关单元测试覆盖 file-type activation、workflow.search ranking 和 signal extraction。","packages/plugin-sdk/src/index.ts; src/plugins/firmware/index.ts; tests/unit/firmware-scan.test.ts; tests/unit/workflow-search.test.ts; tests/unit/core/tool-surface-manager.test.ts","在 `tests/unit/firmware-scan.test.ts` 增加 `normalizeFileTypeTags('U-Boot-uImage')` 和 `normalizeFileTypeTags('FIT-Image')` 应包含 `firmware`/`uimage`/`fit` 的断言，或放到现有格式矩阵测试中。; 在 `tests/unit/core/tool-surface-manager.test.ts` 增加 `activateByFileType('U-Boot-uImage')` 与 `activateByFileType('FIT-Image')` 能激活 firmware tier 1 插件的断言。; 在 `tests/unit/firmware-scan.test.ts` 增加 `firmwarePlugin.surfaceRules.extractSignals` 对 `{ signatures: [...] }`、`{ signature_count: 1 }` 或实际 `firmware.scan` data 形状的断言。; 在 `tests/unit/workflow-search.test.ts` 增加 file_type 为 `U-Boot-uImage`/`FIT-Image` 时 firmware plugin 排名前列并显示 matched_profile_fields 的断言。","npm test -- tests/unit/firmware-scan.test.ts tests/unit/core/tool-surface-manager.test.ts tests/unit/workflow-search.test.ts --runInBand; npm test -- tests/unit/plugin-format-matrix.test.ts --runInBand; npm run typecheck"
"frida","src/plugins/frida","metadata-search-profile","0.88","一个纯 metadata/search-profile 迭代：为 Frida 4 个工具声明 tool-level aspects、artifacts、evidence、workflowRecipes、runtimePolicy/workerBackend，并修正 `frida.script.generate` 的 stale recommended_next_tools；不改 worker 执行语义。","src/plugins/frida/tools/frida-runtime-instrument.ts; src/plugins/frida/tools/frida-script-inject.ts; src/plugins/frida/tools/frida-trace-capture.ts; src/plugins/frida/tools/frida-script-generate.ts; src/plugins/frida/index.ts","tests/unit/plugin-format-matrix.test.ts：断言 Frida tool metadata 出现在 format matrix、workflow recipe 和 artifact/evidence declarations 中。; tests/unit/tool-readiness.test.ts：断言 Frida workerBackend/runtimePolicy/readiness 元数据不启动后端且能暴露 required runtime contract。; tests/unit/workflow-search.test.ts：用 `.exe`、`apk`、`anti-debug`、`crypto`/`runtime trace` query 验证 Frida 推荐、activation_required 和 matched_profile_fields。; tests/unit/frida-runtime-instrument.test.ts、tests/unit/frida-script-inject.test.ts、tests/unit/frida-trace-capture.test.ts：补充 tool definition metadata 的轻量断言。","npm test -- --runTestsByPath tests/unit/plugin-format-matrix.test.ts tests/unit/tool-readiness.test.ts tests/unit/workflow-search.test.ts tests/unit/frida-runtime-instrument.test.ts tests/unit/frida-script-inject.test.ts tests/unit/frida-trace-capture.test.ts; npm run typecheck; npm run lint"
"ghidra","src/plugins/ghidra","metadata-search-profile","0.88","最推荐先做一个 metadata-only 小迭代：为 `ghidra.analyze` 增加准确的 `workflowRecipes`、补充 search/profile tags，并同步修正 Java 21+ 与 project/log env metadata；不改变 Ghidra 执行路径。","src/plugins/ghidra/tools/ghidra-analyze.ts; src/plugins/ghidra/index.ts; tests/unit/ghidra-analyze.test.ts; tests/unit/workflow-search.test.ts","在 `tests/unit/ghidra-analyze.test.ts` 断言 `ghidraAnalyzeToolDefinition.workflowRecipes` 存在，包含 `workflow.reconstruct`、`code.function.decompile`、`code.function.cfg`、`code.xrefs.analyze`，且 safety 包含 `passive`/`no_live_sample_by_default`。; 在 `tests/unit/workflow-search.test.ts` 加一个 Ghidra-style plugin/tool 推荐用例，验证 `query: ""decompile cfg xrefs""`、`goal: ""reverse""`、`depth: ""deep""` 时 recipe 和 capability tags 贡献 `workflow_score`/`goal_score`/`query_score`。; 如修正 env/systemDeps，补一个轻量断言确保 Java 描述为 21+，`GHIDRA_PROJECT_ROOT` 和 `GHIDRA_LOG_ROOT` 在 config 或 systemDeps extraEnv 中一致出现。","npm test -- --runTestsByPath tests/unit/ghidra-analyze.test.ts tests/unit/workflow-search.test.ts; npm test -- --runTestsByPath tests/unit/ghidra-config.test.ts; npm run typecheck"
"go-analysis","src/plugins/go-analysis","metadata-search-profile","0.88","先做“Go analysis discovery contract”小迭代：为 3 个 tool definition 添加 artifact/evidence/workflowRecipes/细粒度 aspects，并把 GoReSym systemDeps 的 Docker install route/profile 显式化；不改变 handler 执行行为。","src/plugins/go-analysis/index.ts; src/plugins/go-analysis/tools/go-binary-analyze.ts; src/plugins/go-analysis/tools/go-symbols-recover.ts; src/plugins/go-analysis/tools/go-types-list.ts; tests/unit/workflow-search.test.ts; tests/unit/tool-readiness.test.ts","新增或扩展 `workflow.search` 用例：`query='golang build id type recovery'` 或 `finding='go'` 时 go-analysis 排名靠前，且 activation 仍不启动后端。; 新增 `tool.readiness`/metadata 用例：Go 工具暴露 artifact declarations、evidence declarations、workflow recipe id 和 passive/static aspects。; 可选扩展 backend install contract：断言 go-analysis 的 `goresym` systemDep 有显式 `dockerInstallRoute` 和 profile。","npm test -- --runInBand --forceExit --runTestsByPath tests/unit/workflow-search.test.ts tests/unit/tool-readiness.test.ts tests/unit/backend-install-contract.test.ts; npx tsc --noEmit --pretty false; node scripts/generate-docker.mjs --dry-run --include=go-analysis"
"graphviz","src/plugins/graphviz","metadata-search-profile","0.86","给 `graphviz.render` 增加最小 tool-level discovery metadata：narrow aspects、artifact declarations、evidence declaration、`graphviz.render-export` workflow recipe，并补测试确认 `tool.help` / profile matrix 可见这些 metadata；不改变渲染行为。","src/plugins/graphviz/tools/graphviz-render.ts; tests/unit/tool-help.test.ts; tests/unit/plugin-format-matrix.test.ts","在 `tests/unit/tool-help.test.ts` 增加 `graphviz.render` 的 `artifact_declarations`、`evidence_declarations`、`workflow_recipes` 暴露断言。; 在 `tests/unit/plugin-format-matrix.test.ts` 或相邻 matrix 测试中增加 Graphviz recipe/artifact 被 `workflow.search` profile scoring 使用的断言。","npm test -- --runTestsByPath tests/unit/tool-help.test.ts tests/unit/plugin-format-matrix.test.ts; npm run build"
"gtirb","src/plugins/gtirb","runtime-readiness-policy","0.88","最推荐先做“GTIRB 只读 IR 摘要契约 v1”：不接真实 raw binary generation，只把 `gtirb.ir.generate` 的 metadata、builtin fixture 和测试扩展为稳定的 GTIRB summary schema，并修正文案说明 external mode 需要 backend-worker wrapper，而不是仅有 `GTIRB_PYTHON` 解释器。","src/plugins/gtirb/index.ts; tests/unit/gtirb-worker.test.ts; tests/unit/frontier-worker-plugins.test.ts; tests/unit/plugin-format-matrix.test.ts; tests/unit/backend-install-contract.test.ts","在 `tests/unit/gtirb-worker.test.ts` 断言 `schema_version`、`modules`、`sections`、`byte_intervals`、`cfg_edges`、`symbols`、`aux_data_tables`、`read_only`、`rewrite_allowed=false`。; 在 `tests/unit/frontier-worker-plugins.test.ts` 保持通用 Worker contract 覆盖，并确认 GTIRB fixture key 不再只依赖 `cfg_blocks`。; 在 `tests/unit/plugin-format-matrix.test.ts` 更新 GTIRB evidence/capability/workflow recipe 期望，覆盖 `cfg`、`relocations`、`ir-schema` 或 rewrite boundary artifact。; 在 backend install/readiness 相关测试中确认 optional/profile-gated metadata 仍有效，并明确 external wrapper 缺失时报告 backend missing，不启动 GTIRB。","npm test -- --runTestsByPath tests/unit/gtirb-worker.test.ts tests/unit/frontier-worker-plugins.test.ts tests/unit/plugin-format-matrix.test.ts; npm test -- --runTestsByPath tests/unit/backend-install-contract.test.ts tests/unit/docker-generator-backends.test.ts; node scripts/generate-docker.mjs --dry-run --include=gtirb --backend-profile=optional; npm run lint"
"host-correlation","src/plugins/host-correlation","metadata-search-profile","0.88","先做“metadata + workflow search 可发现性 + cache correctness”小迭代：为 `host.correlate` 添加 workflow recipe、补充/修正 aspects 与 surfaceRules、声明本地 Python workerBackend/passive policy、修正 `pefile` dependency 与缓存键覆盖项，并用测试固定这些行为。","src/plugins/host-correlation/index.ts; src/plugins/host-correlation/tools/host-correlate.ts; tests/unit/host-correlation.test.ts; tests/unit/plugin-format-matrix.test.ts","新增 `tests/unit/host-correlation.test.ts`：注册插件后断言 `host.correlate` 的 workflow recipe、workerBackend policy、artifact/evidence metadata、systemDeps 与 cache key 参数覆盖。; 更新 `tests/unit/plugin-format-matrix.test.ts`：把 `host-correlation.offline-host-correlation` 纳入 workflow recipe expectation，确认 `workflow`/`correlation-graph`/`timeline` 等 evidence tags 被索引。","npm test -- --runInBand --forceExit --runTestsByPath tests/unit/host-correlation.test.ts tests/unit/plugin-format-matrix.test.ts tests/unit/workflow-search.test.ts; npx tsc --noEmit --pretty false; npm run docs:tool-catalog"
"ios-runtime","src/plugins/ios-runtime","metadata-search-profile","0.88","一次 metadata-only 的 iOS runtime 搜索与规划深化：扩充 `src/plugins/ios-runtime/index.ts` 中的 formats/surfaceRules/capabilities/evidence/recommendedStaticTools/staticCorrelation/nextActions，使 `workflow.search file_type=plist|mach-o-fat|framework query='iOS entitlement Frida hook plan'` 更稳定命中 `ios.runtime.plan`，并在 plan 输出中更明确提示 `apple.security.profile` 和 provisioning/entitlement 前置。","src/plugins/ios-runtime/index.ts; tests/unit/ios-runtime-readiness.test.ts; tests/unit/plugin-format-matrix.test.ts; tests/unit/workflow-search.test.ts","在 `tests/unit/ios-runtime-readiness.test.ts` 增加静态证据含 `Info.plist`、URL scheme、`get-task-allow`、`SecItem`/`NSURLSession` 时的 recommended_next_tools、static_correlation、safety 断言。; 在 `tests/unit/plugin-format-matrix.test.ts` 扩充 ios-runtime formats、capabilities、evidence 断言，覆盖 `plist`、`framework`、`mach-o-fat` 等 tags。; 在 `tests/unit/workflow-search.test.ts` 增加搜索排序/命中测试，验证 `.plist`/`.ipa` + `goal: dynamic` + iOS entitlement/Frida 查询会推荐 `ios-runtime` 或 `ios.runtime.plan`。","npm test -- tests/unit/ios-runtime-readiness.test.ts --runInBand; npm test -- tests/unit/plugin-format-matrix.test.ts tests/unit/runtime-session-templates.test.ts --runInBand; npm test -- tests/unit/workflow-search.test.ts --runInBand; npm run typecheck"
"javascript-deobfuscation","src/plugins/javascript-deobfuscation","general-capability-depth","0.9","实现“输入格式诚实画像”小迭代：`javascript.obfuscation.profile` 在不执行、不联网、不调用外部工具的前提下，输出 `input_kind`、HTML script/source map 摘要、binary/V8-cache unsupported warning，并收紧 metadata 中容易误导的格式/能力描述。","src/plugins/javascript-deobfuscation/tools/javascript-obfuscation-profile.ts; src/plugins/javascript-deobfuscation/index.ts; tests/unit/javascript-obfuscation-profile.test.ts; tests/unit/plugin-format-matrix.test.ts; docs/PLUGINS.md; docs/tool-catalog.html","在 `tests/unit/javascript-obfuscation-profile.test.ts` 增加 HTML `<script>`、source map JSON、binary-like V8 cache/unknown input、TypeScript-like source 的 passive classification 用例。; 更新现有 JSVMP/benign 用例，断言新增 `input_kind` 不影响既有 `jsvmp_assessment`、`policy`、`suite_pipeline`。; 如 metadata 标签调整，更新 `tests/unit/plugin-format-matrix.test.ts` 中 JavaScript 插件的 formats/capabilities/workflow recipe 断言。","npm test -- --runInBand --forceExit --runTestsByPath tests/unit/javascript-obfuscation-profile.test.ts tests/unit/plugin-format-matrix.test.ts; npm test -- --runInBand --forceExit --runTestsByPath tests/unit/workflow-search.test.ts tests/unit/tools-discover.test.ts; npx tsc --noEmit --pretty false; npm run docs:tool-catalog; git diff --check -- src/plugins/javascript-deobfuscation/index.ts src/plugins/javascript-deobfuscation/tools/javascript-obfuscation-profile.ts tests/unit/javascript-obfuscation-profile.test.ts tests/unit/plugin-format-matrix.test.ts docs/PLUGINS.md docs/tool-catalog.html"
"jsimplifier","src/plugins/jsimplifier","metadata-search-profile","0.87","最小首轮建议：把 `jsimplifier.pipeline.run` 的结果扩展为结构化静态 pass 报告，增加 `recommended_passes`、`pass_summary`、`readability_metrics`、`safety_gates`，并补齐 capabilities/evidence/workflow recipe，使 workflow.search 能用 “AST simplification / constant folding / control-flow cleanup / readability” 查询命中。第一版只基于传入 `profile`、`passes` 和固定安全 fixture，不读取或执行样本。","src/plugins/jsimplifier/index.ts; src/plugins/jsimplifier/workers/jsimplifier-worker.js; tests/unit/jsimplifier-worker.test.ts; tests/unit/frontier-worker-plugins.test.ts; tests/unit/plugin-format-matrix.test.ts; docs/PLUGINS.md; docs/tool-catalog.html","在 `tests/unit/jsimplifier-worker.test.ts` 断言 `profile.risk_tags=['string-array','control-flow-flattening']` 时返回 `recommended_passes`、`pass_summary`、`readability_metrics` 和 `safety_gates`。; 在 `tests/unit/frontier-worker-plugins.test.ts` 保留通用 `pass_timeline` 合约，同时允许/断言新增 JSIMPLIFIER 字段。; 在 `tests/unit/plugin-format-matrix.test.ts` 更新 capabilities、artifact/evidence 和 workflow recipe 断言。; 如更新 docs/tool catalog，运行生成命令并只接受由 metadata 派生的文档变更。","npm test -- --runInBand --forceExit --runTestsByPath tests/unit/jsimplifier-worker.test.ts tests/unit/frontier-worker-plugins.test.ts tests/unit/plugin-format-matrix.test.ts tests/unit/backend-plan-plugins.test.ts; npm test -- --runInBand --forceExit --runTestsByPath tests/unit/javascript-obfuscation-profile.test.ts tests/unit/workflow-search.test.ts tests/unit/tools-discover.test.ts; node scripts/generate-docker.mjs --dry-run --include=jsimplifier; npm run docs:tool-catalog; npx tsc --noEmit --pretty false; git diff --check -- src/plugins/jsimplifier/index.ts src/plugins/jsimplifier/workers/jsimplifier-worker.js tests/unit/jsimplifier-worker.test.ts tests/unit/frontier-worker-plugins.test.ts tests/unit/plugin-format-matrix.test.ts docs/PLUGINS.md docs/tool-catalog.html"
"jsir-cascade","src/plugins/jsir-cascade","functional-worker-depth","0.88","实现“输入感知但仍完全静态”的 `jsir-cascade` external worker v1：只读本地 JS/HTML/source-map 输入，受大小和超时限制，输出 digest、lexical metrics、dispatcher_model、handler_candidates、ir_nodes、warnings、static_only；不 eval、不启动浏览器、不访问网络、不写样本。builtin safe mode 保持 fixture 合约不变。","src/plugins/jsir-cascade/workers/jsir-cascade-worker.js; tests/unit/jsir-cascade-worker.test.ts","在 `tests/unit/jsir-cascade-worker.test.ts` 增加 external wrapper 用例，设置 `JSIR_WORKER_PATH` 指向 `src/plugins/jsir-cascade/workers/jsir-cascade-worker.js`，用受控 fixture 验证 digest、dispatcher_model、handler_candidates 和 `static_only`。; 保留现有 builtin contract 断言，确保 `handler_candidates` 兼容 `tests/unit/frontier-worker-plugins.test.ts` 的通用 worker 合约。; 补一个缺失输入或超限输入的错误/警告用例，证明 worker 不会尝试执行或隐式降级为不可信成功。","npm test -- --runTestsByPath tests/unit/jsir-cascade-worker.test.ts tests/unit/frontier-worker-plugins.test.ts; npm test -- --runTestsByPath tests/unit/plugin-format-matrix.test.ts tests/unit/docker-generator-backends.test.ts; node scripts/generate-docker.mjs --dry-run --include=jsir-cascade --backend-profile=optional"
"jsvmp-analysis","src/plugins/jsvmp-analysis","functional-worker-depth","0.87","实现一个只读、bounded、fixture-backed 的 JSVMP static scanner worker：external worker 读取本地 JS 文件，输出 bytecode array candidates、dispatcher model、handler map candidates、confidence breakdown、input budget/policy；builtin fixture 继续安全可用。","src/plugins/jsvmp-analysis/workers/jsvmp-worker.js; src/plugins/jsvmp-analysis/index.ts; tests/unit/jsvmp-bytecode-recover.test.ts; tests/unit/frontier-worker-plugins.test.ts","新增 `tests/unit/jsvmp-bytecode-recover.test.ts`：用 JSVMP-like fixture 验证 external worker 返回 bytecode/dispatcher/handler candidates，用 benign JS 验证低置信度和无强推荐。; 更新 `tests/unit/frontier-worker-plugins.test.ts`：确保 `jsvmp.bytecode.recover` 仍满足 backend-worker.v1、builtin fixture、external wrapper、no_network/no_mutation/live_execution=false。; 视 metadata 改动更新 `tests/unit/plugin-format-matrix.test.ts`：断言 JSVMP artifacts/evidence/workflow recipe 与实际 worker 输出一致。","node src/plugins/jsvmp-analysis/workers/jsvmp-worker.js --self-test; npm test -- tests/unit/jsvmp-bytecode-recover.test.ts --runInBand; npm test -- tests/unit/frontier-worker-plugins.test.ts --runInBand; npm test -- tests/unit/plugin-format-matrix.test.ts --runInBand; npm test -- tests/unit/javascript-obfuscation-profile.test.ts --runInBand"
"jvm","src/plugins/jvm","general-capability-depth","0.88","优先做“现实 JAR 可用”的小迭代：在 `jvm.structure.analyze` 中支持 bounded deflate 读取常见 JVM metadata entries（manifest、Maven POM/properties、Kotlin module），并保持不启动 Java、不执行 bytecode、不写出解压内容。","src/plugins/jvm/tools/jvm-structure-analyze.ts","tests/unit/jvm-structure-analyze.test.ts：新增 deflated manifest、POM/properties、Kotlin module、压缩大小上限/损坏 entry 用例。; tests/unit/plugin-format-matrix.test.ts：补一条真实压缩 JAR inventory 断言，确保 format matrix 覆盖能力不只依赖 stored ZIP fixture。","npm test -- --runTestsByPath tests/unit/jvm-structure-analyze.test.ts; npm test -- --runTestsByPath tests/unit/plugin-format-matrix.test.ts; npx eslint src/plugins/jvm/**/*.ts tests/unit/jvm-structure-analyze.test.ts --quiet --no-error-on-unmatched-pattern"
"kb-collaboration","src/plugins/kb-collaboration","functional-worker-depth","0.88","修复并深化 `kb.function.match` 的默认 KB 复用路径：当未提供 `match_against` 时，从 `function_kb` 加载参考知识进行匹配，返回来源、置信度、match reasons 和低置信过滤结果；保留显式样本匹配现有行为。","src/plugins/kb-collaboration/tools/kb-function-match.ts","tests/unit/kb-function-match.test.ts; tests/integration/kb-integration.test.ts","npm test -- kb-function-match.test.ts; npm test -- kb-integration.test.ts; npm run typecheck"
"lief","src/plugins/lief","metadata-search-profile","0.88","最小优先迭代：把 `lief.binary.inspect` 做成“更诚实、更可检索”的 read-only inventory 契约。具体包括：补 `resources/overlay/relocations/delayed-imports/format-confidence/parser-disagreement/mutation_allowed=false` 的 artifact/evidence/fixtureData；把 `LIEF_PYTHON` setup 文案改为需要 JSON worker wrapper 或明确 builtin-only；统一 LIEF 版本文案到 pinned wheel；增强 surface/search 触发词。","src/plugins/lief/index.ts; tests/unit/frontier-worker-plugins.test.ts; tests/unit/plugin-format-matrix.test.ts; tests/unit/backend-install-contract.test.ts; docs/PLUGINS.md","在 `tests/unit/frontier-worker-plugins.test.ts` 中为 `lief.binary.inspect` 断言 fixture 包含 `parsed_format`、`mutation_allowed: false`、`overlay_present/resource_count/relocation_count/signature_present/format_confidence` 等关键字段。; 在 `tests/unit/plugin-format-matrix.test.ts` 中扩展 LIEF evidence/capabilities 期望，覆盖 `resources`、`overlay`、`relocations`、`parser-disagreement` 或等价命名。; 在 `tests/unit/backend-install-contract.test.ts` 或 readiness 相关测试中断言 LIEF setup action 不把 raw `python3` 误描述成可直接 external worker，或者明确 external 需要 JSON stdin/stdout wrapper。; 如同步 docs，则更新 `docs/PLUGINS.md` 中 LIEF worker/backend 描述，强调 read-only、no mutation、external wrapper/readiness gate。","npm test -- --runTestsByPath tests/unit/frontier-worker-plugins.test.ts tests/unit/plugin-format-matrix.test.ts tests/unit/backend-install-contract.test.ts; npm run typecheck; npm run lint"
"linux-binary","src/plugins/linux-binary","functional-worker-depth","0.9","为 `linux.binary.inventory` 增加无外部依赖的 ELF loader/security profile：输出 entrypoint、interpreter、needed libraries、rpath/runpath、NX stack candidate、RELRO candidate、bind-now candidate、canary symbol candidate，并用 conservative confidence/`*_candidate` 命名避免过度承诺。","src/plugins/linux-binary/tools/linux-binary-inventory.ts; src/plugins/linux-binary/index.ts","tests/unit/plugin-format-matrix.test.ts：扩展现有 “builds Linux binary inventory without execute/load/core replay/module load semantics” fixture，覆盖 PT_INTERP、DT_NEEDED、PT_GNU_STACK、PT_GNU_RELRO、`__stack_chk_fail`。; 可选新增 `tests/unit/linux-binary-inventory.test.ts`：把 ELF header/program/dynamic parsing helper 的边界、截断输入、big-endian/little-endian、32/64-bit 分支拆成更聚焦单测。","npm test -- --runTestsByPath tests/unit/plugin-format-matrix.test.ts; npm test -- --runTestsByPath tests/unit/workflow-search.test.ts tests/unit/sample-profile-get.test.ts; npm run typecheck"
"linux-package","src/plugins/linux-package","metadata-search-profile","0.88","给 `linux.package.inventory` 增加一个被动供应链 / 固件包 handoff 的 `workflowRecipes`，并对齐 tool evidence metadata 与推荐下一步工具；不改变解析行为。","src/plugins/linux-package/tools/linux-package-inventory.ts; tests/unit/plugin-format-matrix.test.ts","在 `tests/unit/plugin-format-matrix.test.ts` 中断言 `linux.package.inventory` 含 workflow recipe，且 recipe 的 `nextTools` 包含 `sbom.provenance.graph`、`linux.binary.inventory`、`firmware.workflow.plan`。; 可选更新 `tests/unit/linux-package-inventory.test.ts`，断言 `recommended_next_tools` 包含 `sbom.provenance.graph` 和嵌套 ELF 时的 `linux.binary.inventory`。","npm test -- --runInBand tests/unit/linux-package-inventory.test.ts tests/unit/plugin-format-matrix.test.ts; npm run typecheck"
"linux-runtime","src/plugins/linux-runtime","metadata-search-profile","0.9","一个小而可验证的 `linux.runtime.plan readiness/profile` 迭代：新增 Linux 专属单测，证明该 planner 对 ELF/core/kernel-module/package 输入仍然 plan-only，能选择 qiling/gdb/strace/ltrace/eBPF 后端，输出 opt-in/isolation/network-disabled safety，并通过更完整的 formats/capabilities/surfaceRules 提升 workflow.search/profile 命中。","src/plugins/linux-runtime/index.ts; tests/unit/linux-runtime-readiness.test.ts; tests/unit/plugin-format-matrix.test.ts","新增 `tests/unit/linux-runtime-readiness.test.ts`：覆盖 requested_backends 为 `qiling`、`gdb`、`strace`、`ltrace`、`ebpf` 时的 selected_backends、execution_semantics、readiness、safety_notes、recommended_next_tools。; 更新 `tests/unit/plugin-format-matrix.test.ts` 的 platform runtime plan 断言，纳入新增/补齐的 format alias、capabilities 或 workflow recipe expectations。; 必要时更新 `tests/unit/runtime-session-templates.test.ts`，确保新增 backend metadata 不破坏通用 session template contract。","npm test -- --runTestsByPath tests/unit/linux-runtime-readiness.test.ts tests/unit/plugin-format-matrix.test.ts tests/unit/runtime-session-templates.test.ts; npm test -- --runTestsByPath tests/unit/workflow-search.test.ts tests/unit/tools-discover.test.ts; npm run typecheck"
"macos-runtime","src/plugins/macos-runtime","metadata-search-profile","0.88","补强 `macos-runtime` 的 metadata 和安全搜索画像：增加 macOS 专属 formats/capabilities/evidence/safety tags，并用单测证明 `macos.runtime.plan` 仍然 plan-only、network disabled、no mount/install/attach，且 workflow/search profile 能通过 Mach-O/DMG/entitlement/dyld 语义命中。","src/plugins/macos-runtime/index.ts; tests/unit/macos-runtime-readiness.test.ts; tests/unit/plugin-format-matrix.test.ts","在 `tests/unit/macos-runtime-readiness.test.ts` 增加断言：aspects.safety 包含 `no_auto_mount`、`no_installer_execution`，capabilities/evidence 包含新增 macOS 语义，session template 仍为 `template_only`、sample mount `ro`、network disabled。; 在 `tests/unit/plugin-format-matrix.test.ts` 的 runtime plan metadata 测试中加入 `xcframework`/`entitlements`/`codesignature` 或新增 capabilities/evidence 的 arrayContaining 断言。; 可选新增 `workflow.search` 定向测试：`file_type=dmg` 或 query 包含 `entitlement dyld trace macos` 时，推荐结果包含 `macos-runtime` 或 `macos.runtime.plan`。","npm test -- --runInBand --forceExit --runTestsByPath tests/unit/macos-runtime-readiness.test.ts tests/unit/plugin-format-matrix.test.ts tests/unit/runtime-session-templates.test.ts; npm test -- --runInBand --forceExit --runTestsByPath tests/unit/workflow-search.test.ts tests/unit/tools-discover.test.ts; npx tsc --noEmit --pretty false; git diff --check -- src/plugins/macos-runtime/index.ts tests/unit/macos-runtime-readiness.test.ts tests/unit/plugin-format-matrix.test.ts tests/unit/runtime-session-templates.test.ts tests/unit/workflow-search.test.ts tests/unit/tools-discover.test.ts"
"malware","src/plugins/malware","metadata-search-profile","0.87","做一个 metadata-only 强化包：为 `c2.extract`、`malware.config.extract`、`malware.classify`、`sandbox.report` 补 tool-level aspects/artifacts/evidence/workflowRecipes，并在插件 `surfaceRules.signalMap` 和 capabilities/evidence 中加入更准确的 malware workflow/search 标签；不改 worker 行为。","src/plugins/malware/index.ts; src/plugins/malware/tools/c2-extract.ts; src/plugins/malware/tools/malware-config-extract.ts; src/plugins/malware/tools/malware-classify.ts; src/plugins/malware/tools/sandbox-report.ts; tests/unit/plugin-format-matrix.test.ts; tests/unit/c2-extract.test.ts; tests/unit/malware-config-extract.test.ts; tests/unit/malware-classify.test.ts; tests/unit/sandbox-report.test.ts","在 `tests/unit/plugin-format-matrix.test.ts` 增加 malware 插件断言：4 个工具声明预期 artifact/evidence，`sandbox.report` 暴露 behavior/process/network/timeline/workflow 证据，workflow recipes 指向 `malware.intel.loop`、`ioc.export`、`analysis.evidence.graph`、`report.generate`。; 在各 malware 工具单测中补 definition metadata 断言，类似 `static-behavior-classify.test.ts` 对 artifacts/evidence/workflowRecipes 的测试方式。; 可选补一个 `workflow.search` 或 `tools.discover` 小测试，用 `finding=c2`/`query=malware config` 验证推荐结果包含 `malware` 和相关工具，且不启动 backend。","npm test -- --runTestsByPath tests/unit/plugin-format-matrix.test.ts tests/unit/c2-extract.test.ts tests/unit/malware-config-extract.test.ts tests/unit/malware-classify.test.ts tests/unit/sandbox-report.test.ts tests/unit/malware-intel-loop.test.ts; npm test -- --runTestsByPath tests/unit/workflow-search.test.ts tests/unit/tools-discover.test.ts; npm run typecheck"
"managed-fake-c2","src/plugins/managed-fake-c2","metadata-search-profile","0.9","先做“metadata/readiness 对齐”小迭代：声明 `managed.fake_c2` 的 artifacts/evidence/workflowRecipes/runtimePolicy，修正 systemDeps 与未实现 env 配置说明，并增加 search/readiness 单测；不改变 Fake C2 执行行为。","src/plugins/managed-fake-c2/index.ts; src/plugins/managed-fake-c2/tools/fake-c2.ts; tests/unit/managed-fake-c2-worker.test.ts; tests/unit/tool-readiness.test.ts; tests/unit/workflow-search.test.ts","新增或扩展 metadata 单测，断言 `fakeC2ToolDefinition.artifacts` 包含 `fake_c2_session`/`managed_fake_c2`，`evidence` 包含 network/http/timeline/provenance，`workflowRecipes[0]` 串起静态配置、C2 提取、动态捕获和报告 handoff。; 更新 `tool-readiness` 相关测试，断言 runtime_policy_status 能显示 opt-in、requiresIsolation、restricted 或 record_only network policy、maxRuntimeMs，以及 runtime contract 仍为 `src/plugins/managed-fake-c2/workers/managed_fake_c2_worker.py`。; 更新 `workflow-search` 或 `tools-discover` 测试，覆盖 query 为 `fake c2`、`http beacon`、`network_ioc`、`sinkhole` 时能把 `managed.fake_c2` 排入推荐/可激活结果。; 保留 `tests/unit/managed-fake-c2-worker.test.ts` 的 envelope/legacy 兼容测试，确保 metadata 调整不改变 worker protocol。","npm test -- --runTestsByPath tests/unit/managed-fake-c2-worker.test.ts tests/unit/tool-readiness.test.ts tests/unit/workflow-search.test.ts; npm run typecheck; npm run lint -- src/plugins/managed-fake-c2/index.ts src/plugins/managed-fake-c2/tools/fake-c2.ts"
"managed-il-xrefs","src/plugins/managed-il-xrefs","metadata-search-profile","0.88","补齐 `managed.il_xrefs` 与 `managed.token_xrefs` 的 discovery/readiness metadata：tool-level `aspects`、`artifacts`、`evidence`、一个 managed IL xref workflow recipe，以及声明 Python/dnfile worker 的 passive `workerBackend` contract。","src/plugins/managed-il-xrefs/tools/il-xrefs.ts; src/plugins/managed-il-xrefs/tools/token-xrefs.ts; src/plugins/managed-il-xrefs/index.ts; tests/unit/managed-il-xrefs-metadata.test.ts","新增 `tests/unit/managed-il-xrefs-metadata.test.ts`，断言两个 tool 暴露 aspects、artifact/evidence declarations、workflowRecipes、workerBackend，并覆盖 recipe 的 nextTools 包含 `dotnet.metadata.extract`/`dotnet.types.list`/`analysis.evidence.graph`/`report.generate`。; 必要时补 `tool-help` 或 `workflow-search` fixture 测试，验证 query `managed il xrefs`、`metadata token`、`field usage` 能命中该插件并出现 worker metadata。","npm test -- --runTestsByPath tests/unit/managed-il-xrefs-metadata.test.ts; npm test -- --runTestsByPath tests/unit/tool-help.test.ts tests/unit/plugin-list.test.ts tests/unit/workflow-search.test.ts; npm run typecheck; npm run format:check"
"managed-sandbox","src/plugins/managed-sandbox","runtime-readiness-policy","0.87","先做一个小而确定的兼容性迭代：让 Runtime Node `executeManagedSafeRun` 同时接受本地工具 schema 的 `timeout_seconds`、`memory_limit_mb`、`enable_network_sinkhole` 和 runtime 模板已有的 `timeout_sec`、`memory_mb`、`network_sinkhole`，并用 unit test 锁定传参行为。","packages/runtime-node/src/executor.ts; tests/unit/runtime-node/executor.test.ts","在 `tests/unit/runtime-node/executor.test.ts` 的 `describe('executeManagedSafeRun')` 下新增测试，mock Python inline spawn，断言 `timeout_seconds: 20`、`memory_limit_mb: 1024`、`enable_network_sinkhole: false` 最终传给 inline script 的 argv 为 `20`、`1024`、`false`。; 保留现有 `timeout_sec`/`memory_mb`/`network_sinkhole` 行为，补一个 legacy/runtime-style alias 不回归的断言。","npm test -- --runTestsByPath tests/unit/runtime-node/executor.test.ts; npm test -- --runTestsByPath tests/unit/runtime-client/delegation-server.test.ts; npm run build:runtime"
"manifold","src/plugins/manifold","metadata-search-profile","0.87","为 `manifold.fact.extract` 增加版本化的最小 declarative fact artifact schema：builtin 与 in-repo external worker 都返回可测试的 functions/blocks/edges/calls/provenance/confidence/agreement 结构，同时补充 metadata 中的 artifact/evidence/capability/search tags。","src/plugins/manifold/index.ts; src/plugins/manifold/workers/manifold-worker.js","tests/unit/manifold-worker.test.ts; tests/unit/frontier-worker-plugins.test.ts; tests/unit/plugin-format-matrix.test.ts; tests/unit/workflow-search.test.ts","node src/plugins/manifold/workers/manifold-worker.js --self-test; npm test -- tests/unit/manifold-worker.test.ts tests/unit/frontier-worker-plugins.test.ts --runInBand; npm test -- tests/unit/plugin-format-matrix.test.ts tests/unit/workflow-search.test.ts --runInBand; npm run typecheck"
"memory-forensics","src/plugins/memory-forensics","artifact-evidence-quality","0.87","优先做一个纯离线、小改动迭代：扩展 `memory-forensics.correlate`，支持输入 `dynamic_trace`/`memory_snapshot`/`sources.dynamic_memory_import`，把 `dynamic.memory.import` 的 normalized trace 摘要并入 finding bundle、behavior timeline、provenance，并在 tool metadata 中补 `memory-snapshot`、`dynamic-trace-json`、`timeline-correlation` 等 capability/profile 标签。","src/plugins/memory-forensics/memory-correlation.ts; src/plugins/memory-forensics/index.ts","tests/unit/memory-forensics-correlation.test.ts","npm test -- --runTestsByPath tests/unit/memory-forensics-correlation.test.ts; npm test -- --runTestsByPath tests/unit/dynamic-memory-import.test.ts; npm run typecheck"
"metadata","src/plugins/metadata","metadata-search-profile","0.88","先做“metadata-first 路由契约”小迭代：不改 ExifTool 执行逻辑，只补 `metadata.extract` 的 workflow recipe、safety/capability/evidence tags、格式别名和 profile-search 回归测试，让 `workflow.search` 能稳定把它识别为被动通用元数据起点。","src/plugins/metadata/index.ts; src/plugins/metadata/tools/metadata-extract.ts; tests/unit/plugin-format-matrix.test.ts; tests/unit/workflow-search.test.ts; tests/unit/tool-help.test.ts; docs/PLUGINS.md; docs/tool-catalog.html","在 `tests/unit/plugin-format-matrix.test.ts` 增加 metadata plugin/tool 的 aspect、artifact、evidence、workflowRecipes 断言。; 在 `tests/unit/workflow-search.test.ts` 增加 `file_type=.pdf` 或 `query='file metadata provenance'` 能命中 `metadata.extract` 且带 workflow_score 的断言。; 在 `tests/unit/tool-help.test.ts` 验证 `metadata.extract` 暴露 workflow_recipes、format_matrix 和安全 metadata。","npm test -- --runInBand --forceExit --runTestsByPath tests/unit/plugin-format-matrix.test.ts tests/unit/workflow-search.test.ts tests/unit/tool-help.test.ts tests/unit/plugin-list.test.ts; npx tsc --noEmit --pretty false; npm run docs:tool-catalog; git diff --check -- src/plugins/metadata/index.ts src/plugins/metadata/tools/metadata-extract.ts tests/unit/plugin-format-matrix.test.ts tests/unit/workflow-search.test.ts tests/unit/tool-help.test.ts docs/PLUGINS.md docs/tool-catalog.html"
"miasm","src/plugins/miasm","runtime-readiness-policy","0.86","先做“bounded worker contract hardening”：让 `miasm.ir.lift` 明确要求 target bound，修正 `MIASM_PYTHON` / worker command 的 readiness 文案，补充 fixture 输出字段（target_bound、unsupported_blocks、expressions_simplified、license_gate），并加测试证明 builtin 安全、external 缺后端或无 target 时可解释地失败。","src/plugins/miasm/index.ts; tests/unit/frontier-worker-plugins.test.ts; tests/unit/plugin-format-matrix.test.ts; docs/PLUGINS.md","在 `tests/unit/frontier-worker-plugins.test.ts` 增加 Miasm builtin result 字段断言：`ir_blocks`、`expressions_simplified`、`bounded`、`target` 或 `target_bound`。; 增加 Miasm external readiness/缺后端测试，确认未配置可用 worker command 时返回 `backend_missing` 或清晰 policy error，且不会启动样本执行。; 在 `tests/unit/plugin-format-matrix.test.ts` 补 capabilities / workflowRecipes 期望，覆盖 opaque predicate / expression simplification / IR graph artifact 元数据。","npm test -- tests/unit/frontier-worker-plugins.test.ts tests/unit/plugin-format-matrix.test.ts tests/unit/backend-install-contract.test.ts; npm test -- tests/unit/workflow-search.test.ts; npm run lint -- --quiet src/plugins/miasm/index.ts tests/unit/frontier-worker-plugins.test.ts tests/unit/plugin-format-matrix.test.ts"
"native-object","src/plugins/native-object","metadata-search-profile","0.88","为 `native.object.inventory` 增加一个 `native-object.inventory-handoff` workflow recipe，并扩展 file-type 激活/搜索覆盖，让 `.o/.obj/.a/.lib/.ko/.dwo/.dwp/.debug` 和语义标签都能稳定推荐本工具；不改变解析逻辑。","src/plugins/native-object/tools/native-object-inventory.ts; src/plugins/native-object/index.ts; tests/unit/plugin-format-matrix.test.ts; tests/unit/workflow-search.test.ts","在 `tests/unit/plugin-format-matrix.test.ts` 断言 `native.object.inventory` 暴露 workflow recipe，`producesArtifacts` 包含 `native_object_inventory`，`nextTools` 包含 `metadata.extract`、`strings.extract`、`elf.structure.analyze`、`macho.structure.analyze`、`windows.debug.metadata.inspect`。; 在 `tests/unit/workflow-search.test.ts` 增加 file_type/query 场景，例如 `demo.obj`、`libdemo.a`、`module.ko`、`debug.dwo`，断言推荐结果包含 `native.object.inventory` 或 `native-object`，且 matched fields 包含 file/profile 或 workflow/tools 信号。; 保留现有 `passive native object inventory` ar fixture 断言，避免 metadata 改动影响 inventory 输出。","npm test -- --runInBand --forceExit --runTestsByPath tests/unit/plugin-format-matrix.test.ts tests/unit/workflow-search.test.ts; npx tsc --noEmit --pretty false; git diff --check -- src/plugins/native-object/index.ts src/plugins/native-object/tools/native-object-inventory.ts tests/unit/plugin-format-matrix.test.ts tests/unit/workflow-search.test.ts"
"observability","src/plugins/observability","metadata-search-profile","0.88","先做 metadata-first 小迭代：让 `observability.metrics` 成为可被 `workflow.search` 和 `plugin.list` 精准识别的诊断工具，补 tool-level `aspects`、`evidence`、`workflowRecipes`，将 `dynamic` 语义改为被动观测或补 passive runtime policy，并增加最小单元测试验证 hook 统计与搜索命中。","src/plugins/observability/index.ts; tests/unit/observability-metrics.test.ts; tests/unit/workflow-search.test.ts; tests/unit/plugin-list.test.ts","新增 `tests/unit/observability-metrics.test.ts`：用 mock server 注册插件，手动触发 hooks，断言 summary、单工具查询、错误计数、latency 聚合和 teardown 清空。; 更新 `tests/unit/workflow-search.test.ts`：查询 `latency error tool health observability` 时应推荐 `observability` / `observability.metrics`，并出现 workflow recipe / recommended tool 信号。; 更新 `tests/unit/plugin-list.test.ts`：断言 observability 的 tool metadata 暴露 `aspects`、`evidence_declarations` 或 `workflow_recipes`，避免只有 plugin-level metadata。","npm test -- tests/unit/observability-metrics.test.ts; npm test -- tests/unit/workflow-search.test.ts tests/unit/plugin-list.test.ts; npm run typecheck"
"office-analysis","src/plugins/office-analysis","metadata-search-profile","0.89","补齐 `office.vba.extract`、`office.macro.detect`、`office.ole.analyze` 的 `aspects`、`artifacts`、`evidence`、`workflowRecipes`、`workerBackend` 元数据，并把 `office.behavior.profile` recipe 的 artifact 名称对齐到实际 `backend_office_vba_extract` / `backend_office_ole_analysis`。这是最小、低风险、对 `workflow.search` 命中和 readiness 价值最高的一轮。","src/plugins/office-analysis/tools/office-vba-extract.ts; src/plugins/office-analysis/tools/office-macro-detect.ts; src/plugins/office-analysis/tools/office-ole-analyze.ts; src/plugins/office-analysis/tools/office-behavior-profile.ts; src/plugins/office-analysis/index.ts","tests/unit/office-behavior-profile.test.ts：扩展注册 metadata 断言，覆盖 4 个工具的 artifacts/evidence/workflowRecipes。; tests/unit/plugin-format-matrix.test.ts：更新 Office recipe / artifact 期望，确保 profile matrix 能看到实际 artifact type。; 可选新增 `tests/unit/office-analysis-metadata.test.ts`：只验证 plugin 注册、surfaceRules file type alias、workerBackend/readiness metadata，不跑 Python 后端。","npm test -- --runInBand --forceExit --runTestsByPath tests/unit/office-behavior-profile.test.ts tests/unit/plugin-format-matrix.test.ts; npm test -- --runInBand --forceExit --runTestsByPath tests/unit/workflow-search.test.ts tests/unit/tools-discover.test.ts tests/unit/tool-readiness.test.ts; npx tsc --noEmit --pretty false; npm run docs:tool-catalog"
"panda","src/plugins/panda","metadata-search-profile","0.87","最推荐先做一个小迭代：补全 `panda.inspect` 和 `panda` plugin 的结构化 metadata/policy，并新增 `panda-inspect` 单测；不新增真实执行能力。完成后 `workflow.search query=""panda record replay"" goal=dynamic depth=deep` 应能展示 recipe、artifact/evidence、安全策略和 activation/readiness 要求。","src/plugins/panda/index.ts; src/plugins/panda/tools/panda-inspect.ts; tests/unit/panda-inspect.test.ts; tests/unit/plugin-format-matrix.test.ts","新增 `tests/unit/panda-inspect.test.ts`：覆盖 backend unavailable 时返回 `setup_required` 且 `runPythonJson` 未调用，覆盖 tool name、outputSchema、runtime handler、runtimePolicy、workflowRecipes/artifacts/evidence 声明。; 更新 `tests/unit/plugin-format-matrix.test.ts`：加入 `panda.inspect` 或未来 `panda.record_replay.plan` 的 workflow recipe metadata 期望，确保 `workflowRecipes`、`runtimeBackends`、safety 和 artifact type 被矩阵索引。; 可选更新 `tests/unit/workflow-search.test.ts`：用查询 `panda record replay` 或 `goal=dynamic depth=deep` 验证 PANDA 结果包含 workflow/tools matched_profile_fields。","npm test -- --runInBand tests/unit/panda-inspect.test.ts tests/unit/plugin-format-matrix.test.ts; npm test -- --runInBand tests/unit/core/plugin-system/builtin-contract.test.ts tests/unit/workflow-search.test.ts; npm run typecheck"
"pcap-analysis","src/plugins/pcap-analysis","metadata-search-profile","0.87","做一个 metadata-first 小迭代：新增 PCAP 网络证据 handoff workflow recipe，补充搜索关键词能力标签，修正 `string.extract` 为 `strings.extract`，并让文档/测试覆盖 `workflow.search` 可发现的 passive PCAP → IOC/evidence/report 路径。","src/plugins/pcap-analysis/index.ts; src/plugins/pcap-analysis/tools/pcap-analyze.ts; src/plugins/pcap-analysis/tools/pcap-dns-list.ts; src/plugins/pcap-analysis/tools/pcap-extract-streams.ts; tests/unit/plugin-format-matrix.test.ts; tests/unit/tools-discover.test.ts; docs/PLUGINS.md","在 `tests/unit/plugin-format-matrix.test.ts` 中断言 pcap tool 的 `workflowRecipes`、`evidence`、`capabilities`、`safety` 和 `nextTools` 包含 `ioc.export`、`analysis.evidence.graph`、`report.generate`。; 在 `tests/unit/tools-discover.test.ts` 或现有 workflow/search 相关测试中加入 query/file_type 覆盖：`file_type=pcap`、query 包含 `dns c2 network ioc` 时返回 `pcap-analysis` 且带 workflow recipe。; 增加推荐工具名一致性断言，至少覆盖 `pcap.extract.streams` 不再返回不存在的 `string.extract`。","npm test -- --runTestsByPath tests/unit/plugin-format-matrix.test.ts tests/unit/tools-discover.test.ts; npm run typecheck"
"pe-analysis","src/plugins/pe-analysis","metadata-search-profile","0.9","小步 metadata-first 迭代：补齐 `pe.structure.analyze` 的 tool-level aspects/artifacts/evidence/workflowRecipes/workerBackend，并在 `pe-analysis` plugin 上补 `sys/efi`、安全 tags、`pefile`/`lief` systemDeps；不改变解析逻辑或输出协议。","src/plugins/pe-analysis/index.ts; src/plugins/pe-analysis/tools/pe-structure-analyze.ts","tests/unit/pe-structure-analyze.test.ts：断言 `peStructureAnalyzeToolDefinition` 声明 aspects、`pe_structure_analysis` artifact、structure/imports/exports/resources/provenance evidence、workflow recipe、static worker backend policy。; tests/unit/plugin-format-matrix.test.ts 或 tests/unit/workflow-search.test.ts：断言 PE file/profile 搜索能看到 recipe/artifact/evidence 元数据，并推荐 `pe.structure.analyze`。","npm test -- --runTestsByPath tests/unit/pe-structure-analyze.test.ts; npm test -- --runTestsByPath tests/unit/workflow-search.test.ts tests/unit/plugin-format-matrix.test.ts; npm run typecheck"
"pe-signature","src/plugins/pe-signature","metadata-search-profile","0.88","先做低风险 metadata 深化：为 pe-signature 添加 Authenticode workflow recipe、PE fileType activation hints、signalMap，并修正 `recommended_next_tools` 中不存在的 `pe.inspect`。","src/plugins/pe-signature/index.ts; src/plugins/pe-signature/tools/pe-signature-verify.ts; src/plugins/pe-signature/tools/pe-certificate-extract.ts","tests/unit/pe-signature-verify.test.ts：断言 workflowRecipes、fileTypes/signalMap、no_network plugin safety、推荐工具名存在且不含 `pe.inspect`。; tests/unit/workflow-search.test.ts：增加 signed exe / Authenticode / certificate chain 查询能返回或提升 pe-signature 的覆盖。; tests/unit/plugin-format-matrix.test.ts：如果项目要求核心 recipe 进入矩阵，则增加 `pe.authenticode.trust-review` 之类的 recipe metadata 断言。","npm test -- --runInBand --forceExit --runTestsByPath tests/unit/pe-signature-verify.test.ts tests/unit/workflow-search.test.ts tests/unit/plugin-format-matrix.test.ts; npx tsc --noEmit --pretty false; git diff --check -- src/plugins/pe-signature/index.ts src/plugins/pe-signature/tools/pe-signature-verify.ts src/plugins/pe-signature/tools/pe-certificate-extract.ts tests/unit/pe-signature-verify.test.ts tests/unit/workflow-search.test.ts tests/unit/plugin-format-matrix.test.ts"
"qbdi","src/plugins/qbdi","runtime-readiness-policy","0.88","先做一个小而高价值的 metadata + plan 深化：为 `qbdi.instrumentation.plan`/`qbdi.trace.run` 增加 QBDI 专属 trace profile 语义和搜索标签，包括 event/range/capture/budget 输出、DBI/basic-block/register/memory-write capability tags、worker artifact/evidence 扩展；保持 plan-only 和 delegated-runtime 拒绝语义不变。","src/plugins/qbdi/index.ts; tests/unit/qbdi-worker.test.ts; tests/unit/plugin-format-matrix.test.ts; tests/unit/workflow-search.test.ts; tests/unit/tools-discover.test.ts","更新 `tests/unit/qbdi-worker.test.ts`：断言未审批仍返回 `explicit_opt_in_required`，同时断言 tool metadata/fixtureData 暴露 trace profile、capture budgets、QBDI artifact/evidence。; 更新 `tests/unit/plugin-format-matrix.test.ts`：断言新增 QBDI capabilities/evidence/workflow recipe nextTools 不破坏 plan-only contract。; 新增或扩展 `tests/unit/workflow-search.test.ts` / `tests/unit/tools-discover.test.ts`：查询 `dbi basic block coverage`、`memory write trace`、`register trace` 时能推荐或匹配 `qbdi` / `qbdi.instrumentation.plan`。","npm test -- tests/unit/qbdi-worker.test.ts; npm test -- tests/unit/plugin-format-matrix.test.ts tests/unit/backend-plan-plugins.test.ts tests/unit/frontier-worker-plugins.test.ts; npm test -- tests/unit/workflow-search.test.ts tests/unit/tools-discover.test.ts; npm run typecheck"
"qiling","src/plugins/qiling","metadata-search-profile","0.88","将 `qiling.inspect` 提升为可搜索、可编排、可审计的 readiness/rootfs probe：补 tool-level aspects、artifact/evidence declarations、workflowRecipes，并让 `rootfs_probe` 明确返回 platform/rootfs readiness summary；仍然不执行样本。","src/plugins/qiling/tools/qiling-inspect.ts; src/plugins/qiling/index.ts; tests/unit/qiling-inspect.test.ts; tests/unit/plugin-format-matrix.test.ts","在 `tests/unit/qiling-inspect.test.ts` 增加 backend 可用但 `QILING_ROOTFS` 缺失/不存在/存在时的结构化输出断言，并断言不触碰样本执行。; 在 `tests/unit/qiling-inspect.test.ts` 断言 tool definition 包含 aspects、artifacts、evidence、workflowRecipes、runtimePolicy/readiness-only 语义。; 在 `tests/unit/plugin-format-matrix.test.ts` 增加 `qiling.inspect` workflow recipe metadata 断言，覆盖 nextTools、runtimeBackends、safety 和 artifact type。","npm test -- --runTestsByPath tests/unit/qiling-inspect.test.ts tests/unit/plugin-format-matrix.test.ts; npm run lint -- --quiet src/plugins/qiling/tools/qiling-inspect.ts src/plugins/qiling/index.ts; npm run typecheck"
"radare2","src/plugins/radare2","artifact-evidence-quality","0.86","先做“真实且不误导”的 read-only radare2 external worker 最小切片：新增 JSON stdin/stdout wrapper，拆分 `RADARE2_WORKER_PATH` 与 `RADARE2_PATH`，统一 `aflj` allowlist，并让 builtin/external 都返回同一类 `radare2_function_index`、`radare2_xref_summary` 和 provenance/policy 字段。","src/plugins/radare2/index.ts; src/plugins/radare2/workers/radare2-worker.js; tests/unit/frontier-worker-plugins.test.ts; tests/unit/backend-install-contract.test.ts; tests/unit/plugin-format-matrix.test.ts; docs/PLUGINS.md; docs/tool-catalog.html","在 `tests/unit/frontier-worker-plugins.test.ts` 增加 radare2 external wrapper happy path，使用 `RADARE2_WORKER_PATH=""node src/plugins/radare2/workers/radare2-worker.js""`，断言 `actual_mode=worker_external`、`live_execution=false`、`no_network=true`、有 `functions_indexed`。; 在 `tests/unit/backend-install-contract.test.ts` 断言 worker packaging envVar 与 binary systemDep 不混用：wrapper env 是 `RADARE2_WORKER_PATH`，binary dep 仍是 `RADARE2_PATH`/radare2。; 在 `tests/unit/plugin-format-matrix.test.ts` 扩展 radare2 worker artifact/evidence 断言，覆盖 function/xref/strings/sections 或 imports/exports 的声明。","npm test -- --runTestsByPath tests/unit/frontier-worker-plugins.test.ts tests/unit/backend-install-contract.test.ts tests/unit/plugin-format-matrix.test.ts; npm test -- --runTestsByPath tests/unit/backend-worker-contract.test.ts tests/unit/tools-discover.test.ts tests/unit/workflow-search.test.ts; npm run docs:tool-catalog; npm run build"
"remill","src/plugins/remill","functional-worker-depth","0.89","先做 “bounded target enforcement” 小迭代：`remill.lift.run` 在 builtin/external 前都要求明确 function/address/range 目标，拒绝空目标和 whole-program/unbounded 目标，并在结果/错误中保留 policy reason。","src/plugins/remill/index.ts; tests/unit/remill-worker.test.ts; tests/unit/frontier-worker-plugins.test.ts","在 `tests/unit/remill-worker.test.ts` 增加无 target 失败、whole-program/range 过宽失败、function/address/range 成功三类断言。; 更新 `tests/unit/frontier-worker-plugins.test.ts` 的通用 Worker fixture 表，使 Remill 行传入 `target: { function: 'entry' }`，避免新策略破坏通用成功用例。","npm test -- --runTestsByPath tests/unit/remill-worker.test.ts tests/unit/frontier-worker-plugins.test.ts; npm test -- --runTestsByPath tests/unit/backend-plan-plugins.test.ts tests/unit/plugin-format-matrix.test.ts; npm run typecheck"
"reporting","src/plugins/reporting","metadata-search-profile","0.86","给 reporting 的 3 个注册工具补充 workflowRecipes、细化 capabilities/evidence/safety metadata，并用测试证明 `workflow.search`/plugin matrix 能按 `goal=report`、`summary`、`html export`、`staged digest` 命中正确工具。","src/plugins/reporting/tools/report-summarize.ts; src/plugins/reporting/tools/report-generate.ts; src/workflows/summarize.ts; tests/unit/plugin-format-matrix.test.ts; tests/unit/workflow-search.test.ts; docs/PLUGINS.md","在 `tests/unit/plugin-format-matrix.test.ts` 增加 reporting workflow recipe 断言：`reporting.compact-summary`、`reporting.staged-summary`、`reporting.archival-export`。; 在 `tests/unit/workflow-search.test.ts` 增加 `goal: 'report'` 与 query `staged final summary`/`html report export` 的 ranking 断言。; 可选更新 `tests/unit/tool-help.test.ts`，确认 workflow_recipes、format_matrix、runtime_policy/passive notes 被透出。","npm test -- --runTestsByPath tests/unit/plugin-format-matrix.test.ts tests/unit/workflow-search.test.ts tests/unit/tool-help.test.ts; npm test -- --runTestsByPath tests/unit/report-summarize-compact.test.ts tests/unit/workflow-summarize.test.ts; npm run typecheck"
"restringer","src/plugins/restringer","functional-worker-depth","0.88","实现一个最小 no-eval 静态 REstringer wrapper 摘要：external wrapper 读取受限 JS 文件，识别 string-array literal、疑似 decoder function/call、简单 constant expression 候选，返回兼容旧字段的结构化 `restringer_deobfuscation_result`。","src/plugins/restringer/workers/restringer-worker.js; src/plugins/restringer/index.ts; tests/unit/restringer-worker.test.ts; tests/unit/frontier-worker-plugins.test.ts","在 `tests/unit/restringer-worker.test.ts` 增加 external wrapper fixture：设置 `RESTRINGER_PATH=node <repo>/src/plugins/restringer/workers/restringer-worker.js`，输入包含 string array 和 decoder call 的 JS 文件，断言 `string_array_candidates`、`decoder_candidates`、`static_only`、`execution_semantics.actual_mode=worker_external`。; 保留现有 builtin contract 断言，确保 fixture-safe 模式和旧字段 `recovered_string_arrays`、`simplified_expressions` 仍兼容。; 在 `tests/unit/frontier-worker-plugins.test.ts` 更新 external worker wrapper 通用断言，允许/检查 `restringer` 的新增结构化字段。; 如同步 metadata，更新 `tests/unit/plugin-format-matrix.test.ts` 中 capabilities/formats/workflow recipe 期望。","npm test -- --runTestsByPath tests/unit/restringer-worker.test.ts tests/unit/frontier-worker-plugins.test.ts; npm test -- --runTestsByPath tests/unit/plugin-format-matrix.test.ts tests/unit/javascript-obfuscation-profile.test.ts; node scripts/generate-docker.mjs --dry-run --include=restringer; npm run lint"
"retdec","src/plugins/retdec","metadata-search-profile","0.87","先做“RetDec workflow/search metadata hardening”：为 `retdec.decompile` 增加 recipe、activation hints、runtime policy/worker backend profile 和更准确的 systemDeps 描述，不改变实际反编译行为。","src/plugins/retdec/index.ts; src/plugins/retdec/tools/retdec-decompile.ts; tests/unit/plugin-format-matrix.test.ts; docs/PLUGINS.md","在 `tests/unit/plugin-format-matrix.test.ts` 中断言 `retdec.decompile` 的 workflow recipe、runtimeBackends、safety、workerBackend/profile-gated 或 runtimePolicy 元数据。; 保留现有 native reverse engineering metadata 断言，并补充 RetDec capabilities/evidence/activation tags 的 arrayContaining 断言。","npm test -- --runTestsByPath tests/unit/plugin-format-matrix.test.ts; npm run typecheck; npm run docs:tool-catalog"
"revng","src/plugins/revng","metadata-search-profile","0.88","新增一个不调用真实 rev.ng 的 `revng.model.generate` bounded worker surface：默认 `mode=builtin` 返回 fixture-safe 的 `revng_lift_model`/`revng_decompile_artifact` 摘要、policy、readiness 和 provenance evidence；保留现有 `revng.pipeline.plan` plan-only 行为不变。","src/plugins/revng/index.ts; tests/unit/frontier-worker-plugins.test.ts; tests/unit/backend-install-contract.test.ts; tests/unit/plugin-format-matrix.test.ts","在 `tests/unit/frontier-worker-plugins.test.ts` 中把 `revng` 加入 worker contract 表，并断言 builtin worker 返回如 `model_functions` 或 `decompile_candidates` 的结构化 fixture data、`actual_mode=worker_builtin`、`live_execution=false`。; 在 `tests/unit/backend-install-contract.test.ts` 的 `WORKER_PLUGINS` 中加入 `revng`，确保 workerBackend packaging 的 `dockerFeature=revng` 能与 plugin `systemDeps` 对齐。; 在 `tests/unit/plugin-format-matrix.test.ts` 中增加 worker tool metadata/recipe 期望，确认 artifacts/evidence/workflowRecipes 不破坏现有 plan-only expectations。","npm test -- --runTestsByPath tests/unit/frontier-worker-plugins.test.ts tests/unit/backend-install-contract.test.ts tests/unit/plugin-format-matrix.test.ts tests/unit/backend-plan-plugins.test.ts; npm test -- --runTestsByPath tests/unit/docker-generator-backends.test.ts; npm run typecheck; npm run lint; node scripts/generate-docker.mjs --dry-run --include=revng; node scripts/generate-docker.mjs --dry-run --include=revng --backend-profile=heavy"
"rizin","src/plugins/rizin","metadata-search-profile","0.88","首轮建议做“metadata-only Rizin profile deepening”：不改 Rizin 执行命令，给现有 `rizin.analyze` 补 workflowRecipe、workerBackend policy、surfaceRules.activateOn、capabilities/evidence 词和 systemDeps install route/profile，使 `workflow.search`、`tools.discover`、`tool.readiness` 能准确把它识别为受限的 fast static preview / cross-backend corroboration worker。","src/plugins/rizin/tools/rizin-analyze.ts; src/plugins/rizin/index.ts; tests/unit/plugin-format-matrix.test.ts; tests/unit/tools-discover.test.ts; tests/unit/tool-help.test.ts","在 `tests/unit/plugin-format-matrix.test.ts` 增加 `rizin.analyze` workflow recipe 断言，覆盖 startsWith、nextTools、producesArtifacts、evidence、safety。; 在 `tests/unit/plugin-format-matrix.test.ts` 扩展 Rizin metadata 期望，覆盖新增 capabilities/evidence（例如 `fast-preview`、`function-discovery`、`workflow`、`provenance`）且不声称 decompile/cfg。; 在 `tests/unit/tools-discover.test.ts` 或 readiness 相关用例中断言 `rizin.analyze` 暴露 `workerBackend`/`worker_backend_readiness`，且 readiness 不启动外部 backend。; 在 `tests/unit/tool-help.test.ts` 保留现有 Rizin usage notes，并可补充 workflow recipe/worker-backed 信息不会破坏 direct wrapper guidance。","npm test -- --runInBand tests/unit/plugin-format-matrix.test.ts tests/unit/tools-discover.test.ts tests/unit/tool-help.test.ts; npm test -- --runInBand tests/unit/intent-routing.test.ts tests/unit/docker-backend-tools.test.ts; node scripts/generate-docker.mjs --dry-run --profile=static; npm run typecheck"
"runtime-deobfuscate","src/plugins/runtime-deobfuscate","metadata-search-profile","0.88","纯 metadata 增强：不改变动态执行逻辑，为 `runtime-deobfuscate` 的 4 个工具补齐可索引的 tool-level `aspects`、artifact/evidence declaration、workflowRecipes、显式 runtimePolicy，以及 delegated-runtime `workerBackend` metadata；同时补测试确认 `workflow.search/profile` 和 plugin format matrix 能看到 recipe、artifact 与 runtime gate。","src/plugins/runtime-deobfuscate/index.ts; src/plugins/runtime-deobfuscate/tools/deobf-strings.ts; src/plugins/runtime-deobfuscate/tools/deobf-api-resolve.ts; src/plugins/runtime-deobfuscate/tools/deobf-cfg-trace.ts; src/plugins/runtime-deobfuscate/tools/deobf-dotnet.ts; tests/unit/plugin-format-matrix.test.ts; tests/unit/tool-readiness.test.ts; tests/unit/frontier-worker-plugins.test.ts","在 `tests/unit/plugin-format-matrix.test.ts` 增加 runtime-deobfuscate recipe/artifact/evidence/runtimeBackends 断言。; 在 `tests/unit/tool-readiness.test.ts` 扩展 `deobf.strings` 或全部 `deobf.*` 的显式 runtimePolicy/workerBackend readiness 断言。; 在 `tests/unit/frontier-worker-plugins.test.ts` 或相近 backend-worker contract 测试中加入 runtime-deobfuscate worker contract 断言，确认 catalog 不再是 worker=no。","npm test -- tests/unit/runtime-deobfuscate-worker.test.ts tests/unit/plugin-format-matrix.test.ts tests/unit/tool-readiness.test.ts tests/unit/frontier-worker-plugins.test.ts --runInBand; npm run typecheck; npm run docs:tool-catalog"
"sbom","src/plugins/sbom","metadata-search-profile","0.88","建立 `sbom.generate` 的最小可信 contract：声明 SBOM artifact、补充 `sbom.generate` workflow recipe，并新增 handler 单元测试覆盖 CycloneDX/SPDX-lite、去重、哈希和缺表降级。","src/plugins/sbom/tools/sbom-generate.ts; tests/unit/sbom-generate.test.ts; tests/unit/plugin-format-matrix.test.ts","新增 `tests/unit/sbom-generate.test.ts`：mock `DatabaseManager.querySql`，覆盖 PE import、.NET reference、strings_cache、samples hash、`include_hashes=false`、`spdx-lite`、缺表 catch。; 更新 `tests/unit/plugin-format-matrix.test.ts`：断言 `sbom.generate` artifact declaration 和 workflow recipe。","npm test -- --runTestsByPath tests/unit/sbom-generate.test.ts tests/unit/plugin-format-matrix.test.ts; npm run typecheck"
"similarity","src/plugins/similarity","metadata-search-profile","0.88","做一个低风险的 search/profile metadata closure：为 `sample.similarity` 和 `sample.cluster.fuzzy` 增加 tool-level aspects、evidence、workflowRecipes；为 `sample.cluster.fuzzy` 声明当前实际产物 `backend_similarity_cluster`；同步 `sample.family.cluster` recipe 中与现状不一致的 required/produced artifact 文案；补 metadata 测试和文档生成。","src/plugins/similarity/tools/sample-similarity.ts; src/plugins/similarity/tools/sample-cluster-fuzzy.ts; src/plugins/similarity/tools/sample-family-cluster.ts; tests/unit/sample-family-cluster.test.ts; tests/unit/plugin-format-matrix.test.ts; docs/PLUGINS.md; docs/tool-catalog.html; docs/plugins.html","在 `tests/unit/sample-family-cluster.test.ts` 增加 similarity 插件 3 个 tool 的 metadata 断言：aspects、artifacts/evidence、workflowRecipes、recommended next tools。; 更新 `tests/unit/plugin-format-matrix.test.ts` 的 similarity recipe 期望，确保 workflow recipe 的 startsWith/nextTools/producesArtifacts 与代码一致。; 如补 systemDeps/envVar readiness，可同步更新 `tests/unit/tool-readiness.test.ts` 或新增小型 readiness assertion。","npm test -- --runTestsByPath tests/unit/sample-family-cluster.test.ts tests/unit/plugin-format-matrix.test.ts tests/unit/tool-readiness.test.ts; npm run typecheck; npm run lint; npm run docs:tool-catalog"
"speakeasy","src/plugins/speakeasy","metadata-search-profile","0.88","做一个 metadata-only 深化迭代：为 speakeasy 插件和 3 个 tool 补 `configSchema`、更精确 `systemDeps`、tool-level `artifacts`/`evidence`/`workflowRecipes`/`runtimePolicy`，不改变仿真执行逻辑。","src/plugins/speakeasy/index.ts; src/plugins/speakeasy/tools/speakeasy-emulate.ts; src/plugins/speakeasy/tools/speakeasy-api-trace.ts; src/plugins/speakeasy/tools/speakeasy-shellcode.ts","tests/unit/plugin-format-matrix.test.ts：断言 speakeasy plugin 的 config/systemDeps/runtime safety 和 3 个 tool 的 workflowRecipes/artifacts/evidence。; tests/unit/tools-discover.test.ts 或新增 `tests/unit/speakeasy-plugin-metadata.test.ts`：断言 `workflow.search`/discover 搜索 `shellcode api trace`、`packed pe emulation`、`registry behavior` 能匹配 speakeasy。; tests/unit/tool-readiness.test.ts：断言 tool 继承或暴露 runtimePolicy，且 readiness 不启动 backend。","npm test -- --runTestsByPath tests/unit/plugin-format-matrix.test.ts tests/unit/tools-discover.test.ts tests/unit/tool-readiness.test.ts; npm run typecheck; npm run docs:tool-catalog"
"static-triage","src/plugins/static-triage","metadata-search-profile","0.87","做一个 metadata-only 首迭代：为 `runtime.detect`、`packer.detect`、`entropy.analyze`、`dotnet.metadata.extract`、`dotnet.types.list` 增加精准 tool-level `aspects`、artifact/evidence 声明和 2-3 条 workflowRecipes，并补 `workflow.search`/aspect matrix 回归测试；不改 worker、缓存、artifact payload 或执行行为。","src/plugins/static-triage/tools/runtime-detect.ts; src/plugins/static-triage/tools/packer-detect.ts; src/plugins/static-triage/tools/entropy-analyze.ts; src/plugins/static-triage/tools/dotnet-metadata-extract.ts; src/plugins/static-triage/tools/dotnet-types-list.ts; tests/unit/plugin-format-matrix.test.ts; tests/unit/workflow-search.test.ts","在 `tests/unit/plugin-format-matrix.test.ts` 中为 5 个工具断言 formats/artifacts/evidence/workflowRecipes，参考现有 static.behavior/crypto/config/resource/compiler 断言。; 在 `tests/unit/workflow-search.test.ts` 增加 `.exe` + `finding=packed` 推荐 `packer.detect`/`entropy.analyze`，以及 `file_type=PE-CLR` 或 `finding=dotnet` 推荐 `runtime.detect`/`.NET` metadata 工具的排序测试。; 可选更新 `tests/unit/tool-help.test.ts`，确保新 metadata 会出现在 `format_matrix`、`artifact_declarations`、`workflow_recipes` 中。","npm test -- --runTestsByPath tests/unit/plugin-format-matrix.test.ts tests/unit/workflow-search.test.ts tests/unit/tool-help.test.ts; npm run typecheck"
"strings","src/plugins/strings","metadata-search-profile","0.9","先做 metadata/readiness 小迭代：为 `strings.extract` 和 `strings.floss.decode` 声明被动静态 `runtimePolicy`、`workerBackend`，在插件级声明 FLARE-FLOSS/system deps 和更准确的 plugin aspects；同步补 `workflow.search`/`tools.discover`/metadata 单元测试。","src/plugins/strings/index.ts; src/plugins/strings/tools/strings-extract.ts; src/plugins/strings/tools/strings-floss-decode.ts; tests/unit/strings-extract.test.ts; tests/unit/strings-floss-decode.test.ts; tests/unit/plugin-format-matrix.test.ts; tests/unit/tools-discover.test.ts; docs/PLUGINS.md","断言插件级 `aspects.evidence` 包含 `encoded-config`、`workflow`，`capabilities` 包含 `workflow-handoff`、`evidence-correlation`。; 断言 `strings.floss.decode` 的 `workerBackend` 表示 external/static FLARE-FLOSS、`readiness.doesNotStartBackend=true`、缺失后端时给出 setup action。; 断言插件 `systemDeps` 暴露 `flare-floss` 或 `FLARE_FLOSS_PATH`，Docker/readiness metadata 可被 `tools.discover` 汇总。; 断言 `runtimePolicy`/worker policy 保持 `passiveByDefault`、`noNetwork`、`noMutation`、`noLiveExecution`。","npm test -- --runTestsByPath tests/unit/strings-extract.test.ts tests/unit/strings-floss-decode.test.ts tests/unit/plugin-format-matrix.test.ts tests/unit/tools-discover.test.ts --runInBand; npm run typecheck"
"threat-intel","src/plugins/threat-intel","metadata-search-profile","0.91","为 `attack.map` 补齐 `threat-intel.attack-map-handoff` workflow recipe，并在成功结果中返回 `evidence_summary`、`quality_gates`、`workflow_handoff`、更完整的 `recommended_next_tools`/`next_actions`；先不改变核心映射 heuristic，也不引入外部后端。","src/plugins/threat-intel/tools/attack-map.ts; tests/unit/attack-map.test.ts; tests/unit/plugin-format-matrix.test.ts; docs/PLUGINS.md","在 `tests/unit/attack-map.test.ts` 增加 recipe metadata 断言和成功结果 handoff/quality gates 断言。; 在 `tests/unit/plugin-format-matrix.test.ts` 增加 `attack.map` 的 workflow recipe、evidence 声明和 workflow matrix 断言。","npm test -- --runTestsByPath tests/unit/attack-map.test.ts tests/unit/plugin-format-matrix.test.ts; npm run typecheck"
"triton","src/plugins/triton","functional-worker-depth","0.88","为 `triton.symbolic.slice` 增加“外部模式必须有 bounded target”的可测试安全契约，并顺手补充最小搜索别名（opaque predicate、api resolver、keygen、path constraints）但不接入真实 Triton 后端。","src/plugins/triton/index.ts; tests/unit/frontier-worker-plugins.test.ts; tests/unit/plugin-format-matrix.test.ts; docs/PLUGINS.md; docs/tool-catalog.html","tests/unit/frontier-worker-plugins.test.ts：新增 Triton external mode 在缺少 target 时返回 `bounded_target_required`，且不要求/不启动 backend。; tests/unit/frontier-worker-plugins.test.ts：保留 builtin preview 成功路径，确认 target 被回显且 `live_execution=false`。; tests/unit/plugin-format-matrix.test.ts：断言 Triton capabilities/surface findings 包含 opaque predicate、api resolver/keygen/path constraints 相关别名。","npm test -- --runTestsByPath tests/unit/frontier-worker-plugins.test.ts tests/unit/plugin-format-matrix.test.ts --runInBand; npm run typecheck; npm run lint; npm run docs:tool-catalog"
"unity-managed","src/plugins/unity-managed","metadata-search-profile","0.86","最推荐的小迭代：只为 `unity.metadata.inspect` 补齐 discovery/search 可见的 passive workflow recipe 和 workflow evidence/aspect metadata，命名如 `unity.metadata.bridge-plan`，不改变 handler 行为、不引入外部后端。","src/plugins/unity-managed/tools/unity-metadata-inspect.ts; tests/unit/plugin-format-matrix.test.ts; docs/PLUGINS.md; docs/tool-catalog.html","在 `tests/unit/plugin-format-matrix.test.ts` 中断言 `unity.metadata.inspect` 声明 `workflowRecipes[0].id === 'unity.metadata.bridge-plan'`，包含 `startsWith`、`nextTools`、`producesArtifacts`、`evidence` 和 passive/no-runtime safety tags。; 在同一测试中断言 Unity 插件或工具 aspects 包含 `workflow-plan` 或 `workflow` 相关可搜索信号，并且 artifact/evidence 声明仍包含 `unity_metadata_inventory`。; 可选增加 `workflow.search`/aspect matrix 断言：按 `file_type=unity-metadata` 或 query `IL2CPP bridge` 能返回 `unity.metadata.inspect` 并带 workflow id。","npm test -- --runTestsByPath tests/unit/plugin-format-matrix.test.ts; npm test -- --runTestsByPath tests/unit/workflow-search.test.ts; npm run typecheck; npm run docs:tool-catalog"
"unpacking","src/plugins/unpacking","metadata-search-profile","0.88","先做 metadata-first 小迭代：为 `unpack.auto` 补齐 tool-level `aspects`、`artifacts`、`evidence`、`workflowRecipes`、`runtimePolicy`，为 `unpacking` 插件补 `systemDeps`/`configSchema` 和更细 `surfaceRules.signalMap`；不改执行行为，只让 discovery/readiness/search 正确暴露依赖、runtime gate 和产物。","src/plugins/unpacking/index.ts; src/plugins/unpacking/tools/unpack-auto.ts; tests/unit/unpack-auto.test.ts; tests/unit/plugin-format-matrix.test.ts; tests/unit/workflow-search.test.ts","在 `tests/unit/unpack-auto.test.ts` 增加 tool definition metadata 断言：artifact types、evidence categories、workflow recipe、runtimePolicy allowedBackends/safety。; 在 `tests/unit/plugin-format-matrix.test.ts` 增加 `unpack.auto` workflow recipe expectation，验证 producesArtifacts 包含 `unpack_execution`/`unpacked_binary`/`child_sample` 类声明，runtimeBackends 包含 `upx`、`speakeasy`、`qiling`。; 在 `tests/unit/workflow-search.test.ts` 增加 packed/high-entropy/upx query 或 finding 的推荐命中测试，确认 `unpacking` 在 `workflow.search` 中能通过更细 signal/profile 排名。","npm test -- --runTestsByPath tests/unit/unpack-auto.test.ts tests/unit/plugin-format-matrix.test.ts tests/unit/workflow-search.test.ts; npm run typecheck; npm run docs:tool-catalog"
"upx","src/plugins/upx","artifact-evidence-quality","0.87","先做“失败安全的 UPX decompress”：非 0 退出、无输出文件、`persist_artifact=false` 都返回可审计的结构化结果；临时目录无论成功失败都清理；补齐 `test` 操作与缺后端/失败路径测试。","src/plugins/upx/tools/upx-inspect.ts","tests/unit/upx-inspect.test.ts","npm test -- --runTestsByPath tests/unit/upx-inspect.test.ts; npm test -- --runTestsByPath tests/unit/plugin-format-matrix.test.ts; npm run typecheck"
"visualization","src/plugins/visualization","artifact-evidence-quality","0.88","修正 `report.html.generate` 的 artifact 合约：生成 HTML 后注册并返回 `html_report` ArtifactRef，保证下游 `artifact.read`/reporting handoff 能发现该报告；同时增加成功路径和 HTML escaping 回归测试。","src/plugins/visualization/tools/report-html-generate.ts; tests/unit/report-html-generate.test.ts","在 `tests/unit/report-html-generate.test.ts` 增加真实 `WorkspaceManager` + `DatabaseManager` 的成功路径：插入 sample 和若干 evidence，调用 handler，断言 `ok=true`、`data.report_path` 存在、`artifacts[0].type === 'html_report'`、mime 为 `text/html`、数据库 artifact 可查。; 增加 escaping 用例：恶意 title/evidence 字符串不应以原始 `<script>` 或未转义 HTML 出现在报告中。","npx jest tests/unit/report-html-generate.test.ts --runInBand; npm run typecheck"
"vm-analysis","src/plugins/vm-analysis","artifact-evidence-quality","0.87","打通并测试 `vm.emulate` 到 `constraint.extract` 的最小闭环：emulation artifact 明确包含 extractor 可消费的 trace/constraint 数据，`constraint.extract` 能从当前或兼容格式中生成非空 Z3 script，相关 handler 测试覆盖真实生产函数路径。","src/plugins/vm-analysis/tools/vm-emulate.ts; src/plugins/vm-analysis/tools/constraint-extract.ts; tests/unit/vm-emulate.test.ts; tests/unit/constraint-extract.test.ts","在 `tests/unit/vm-emulate.test.ts` 增加 mock sample + `vm_opcode_table` evidence 的成功用例，断言返回/持久化结果包含可消费 constraint 或 trace。; 在 `tests/unit/constraint-extract.test.ts` 增加 mock `vm_emulation` evidence 的成功用例，覆盖从 emulation artifact 提取 constraint、生成变量列表和 `z3_script`。; 保留不存在 sample、缺 opcode table、缺 emulation trace 的错误路径测试。","npm test -- tests/unit/vm-emulate.test.ts tests/unit/constraint-extract.test.ts tests/unit/vm-workflow-plan.test.ts --runInBand; npx eslint src/plugins/vm-analysis/tools/vm-emulate.ts src/plugins/vm-analysis/tools/constraint-extract.ts tests/unit/vm-emulate.test.ts tests/unit/constraint-extract.test.ts --quiet --no-error-on-unmatched-pattern; npm run typecheck"
"vuln-scanner","src/plugins/vuln-scanner","artifact-evidence-quality","0.88","先交付“漏洞扫描结果可驱动函数排序”的最小闭环：兼容/统一 `vuln_pattern_scan` artifact contract，给 `vuln.pattern.scan` 增加真实 happy path 测试，并给 `code.functions.rank include_vuln_risk` 增加读取该 artifact 的测试。这个迭代能把已有扫描结果真正接入后续审计工作流。","src/plugins/code-analysis/tools/code-functions-rank.ts; tests/unit/code-functions-rank.test.ts; tests/unit/vuln-pattern-scan.test.ts; tests/unit/plugin-format-matrix.test.ts","在 `tests/unit/vuln-pattern-scan.test.ts` 增加成功路径：mock sample、mock `findAnalysisEvidenceBySample` 返回 decompiled functions，断言产出 `vuln_pattern_scan` artifact、findings 排序和 confidence 过滤。; 在 `tests/unit/code-functions-rank.test.ts` 增加 `include_vuln_risk: true` 时读取 `vuln_pattern_scan` 并提升匹配函数 score 的测试；兼容旧 `vuln_scan` 时也补一个回归用例。; 在 `tests/unit/plugin-format-matrix.test.ts` 保持 `vuln.pattern.scan` artifact/evidence contract，必要时补 `vuln.pattern.summary` workflow/evidence 断言。","npm test -- --runInBand tests/unit/vuln-pattern-scan.test.ts tests/unit/code-functions-rank.test.ts tests/unit/plugin-format-matrix.test.ts; npm test -- --runInBand tests/unit/workflow-search.test.ts; npm run build"
"wabt","src/plugins/wabt","functional-worker-depth","0.9","修正并验证 `wabt.toolchain.run` 的 external worker contract：新增一个只读 WABT wrapper，使用 `WABT_WORKER_PATH` 作为可 spawn worker 命令，使用 `WABT_PATH` 查找 WABT binaries；最小支持 validation、objdump summary、WAT preview，返回结构化 `WorkerResult`，并保留 builtin fixture-safe 默认路径。","src/plugins/wabt/index.ts; src/plugins/wabt/workers/wabt-worker.js; src/plugins/wabt/docker/wabt.dockerfile; tests/unit/frontier-worker-plugins.test.ts; tests/unit/backend-install-contract.test.ts","在 `tests/unit/frontier-worker-plugins.test.ts` 增加 `wabt.toolchain.run` external bridge 覆盖，使用临时/mock WABT binaries 或 wrapper fixture，断言 `actual_mode: worker_external`、`no_network: true`、`no_mutation: true`。; 新增或扩展 worker 单测，覆盖 WABT_PATH 缺失、非法样本路径、超时/输出过大、malformed backend output、validation failure 但进程成功的降级结果。; 更新 `tests/unit/plugin-format-matrix.test.ts`，断言新增 artifact/evidence/workflowRecipe metadata 不破坏现有 plan-only 断言。","npm test -- --runTestsByPath tests/unit/frontier-worker-plugins.test.ts tests/unit/backend-install-contract.test.ts; npm test -- --runTestsByPath tests/unit/plugin-format-matrix.test.ts tests/unit/backend-plan-plugins.test.ts; node scripts/generate-docker.mjs --dry-run --include=wabt"
"wasm","src/plugins/wasm","metadata-search-profile","0.88","先做一个小而高收益的 metadata/search 迭代：为 `wasm.structure.analyze` 增加 `wasm.static.inventory` workflow recipe，补齐 imports/exports/provenance/workflow evidence 声明，并把推荐链对齐到 `strings.extract`、`sbom.generate`、`wabt.toolchain.plan`、`wasm.runtime.plan`、`analysis.evidence.graph`。","src/plugins/wasm/tools/wasm-structure-analyze.ts; tests/unit/plugin-format-matrix.test.ts; tests/unit/workflow-search.test.ts; docs/PLUGINS.md","在 `tests/unit/plugin-format-matrix.test.ts` 增加 `expectWorkflowRecipeMetadata` 覆盖 `wasm.static.inventory` 的 startsWith、nextTools、producesArtifacts、evidence、safety。; 在 `tests/unit/plugin-format-matrix.test.ts` 或 wasm 专属测试中断言 `wasm.structure.analyze` tool evidence categories 包含 `structure`、`imports`、`exports`、`provenance`。; 在 `tests/unit/workflow-search.test.ts` 增加 `.wasm`/`wasi runtime` 查询用例，验证 `workflow.search` 推荐 wasm 插件时带 workflow_id、recommended_tools 和 passive activation 语义。","npm test -- --runInBand --forceExit --runTestsByPath tests/unit/wasm-structure-analyze.test.ts tests/unit/plugin-format-matrix.test.ts tests/unit/workflow-search.test.ts; npx tsc --noEmit --pretty false; git diff --check -- src/plugins/wasm/tools/wasm-structure-analyze.ts tests/unit/plugin-format-matrix.test.ts tests/unit/workflow-search.test.ts docs/PLUGINS.md"
"wasm-runtime","src/plugins/wasm-runtime","metadata-search-profile","0.88","先做 metadata-only readiness 升级：为 `wasm-runtime` 增加 `WASMTIME_PATH`/`wasmtime` optional runtime systemDep、docker/profile metadata、`architectures: ['wasm']`（通过局部 aspects 补齐或扩展 runtime-plan helper），并补充搜索/发现断言，确保不新增任何样本执行路径。","src/plugins/wasm-runtime/index.ts; tests/unit/plugin-format-matrix.test.ts; tests/unit/tools-discover.test.ts","在 `tests/unit/plugin-format-matrix.test.ts` 断言 `wasm-runtime` 暴露 `architectures: ['wasm']`、`systemDeps` 包含 `wasmtime`/`WASMTIME_PATH`，且 runtimePolicy 仍是 passive/opt-in/isolated/network disabled。; 在 `tests/unit/tools-discover.test.ts` 增加一个推荐或 list 场景，验证 `wasm-runtime` 的 backend install/readiness metadata 能出现在 recommendation 中，且 activation 不启动 backend。","npm test -- tests/unit/plugin-format-matrix.test.ts tests/unit/tools-discover.test.ts --runInBand; npm test -- tests/unit/runtime-session-templates.test.ts --runInBand; npm run typecheck"
"windows-debug-symbols","src/plugins/windows-debug-symbols","metadata-search-profile","0.88","给 `windows.debug.metadata.inspect` 增加一个被动 workflow recipe，并同步补齐 `debug-metadata`/`structure`/`workflow` 等 discover/search metadata；不改变解析逻辑、不引入外部依赖。","src/plugins/windows-debug-symbols/tools/windows-debug-metadata-inspect.ts; src/plugins/windows-debug-symbols/index.ts; tests/unit/plugin-format-matrix.test.ts; docs/tool-catalog.html","在 `tests/unit/plugin-format-matrix.test.ts` 增加 `expectWorkflowRecipeMetadata` 覆盖 `windows-debug-symbols` recipe：`startsWith` 包含 `windows.debug.metadata.inspect`，`nextTools` 包含 `metadata.extract`、`strings.extract`、`analysis.evidence.graph`，`producesArtifacts` 包含 `windows_debug_metadata`，`safety` 包含 `passive`、`no_network_by_default`。; 在同一测试中校验 `surfaceRules.activateOn.fileTypes` 包含 `obj`、`lib`，且 aspects evidence 包含 `structure`。","npm test -- --runInBand tests/unit/plugin-format-matrix.test.ts tests/unit/pe-signature-verify.test.ts; npm run docs:tool-catalog; npm run lint; npm run build"
"windows-installer","src/plugins/windows-installer","metadata-search-profile","0.9","给 `installer.inventory` 增加一个 metadata-only 的被动 workflow recipe，并补齐 workflow/search 可见的 follow-up 工具与安全标签；同时在测试中断言 recipe、artifact、evidence 和推荐链存在。","src/plugins/windows-installer/tools/windows-installer-inventory.ts; tests/unit/windows-installer-inventory.test.ts; tests/unit/plugin-format-matrix.test.ts; docs/PLUGINS.md","tests/unit/windows-installer-inventory.test.ts：新增 tool definition metadata 测试，断言 `workflowRecipes[0].id`、`producesArtifacts: ['windows_installer_inventory']`、`safety` 包含 `passive`/`no_installer_execution`/`no_live_sample_by_default`。; tests/unit/plugin-format-matrix.test.ts：在 workflow recipe metadata 覆盖列表中加入 `windows-installer.passive-inventory-handoff`，并断言 nextTools 包含 `pe.structure.analyze`、`sbom.provenance.graph`、`windows.runtime.plan`。","npm test -- tests/unit/windows-installer-inventory.test.ts tests/unit/plugin-format-matrix.test.ts; npm run lint -- --quiet; npm run build"
"windows-runtime","src/plugins/windows-runtime","runtime-readiness-policy","0.88","完成一个小型 metadata hardening：新增 `windows.runtime.plan` 专用单元测试，扩展 Windows runtime 的格式/activation 覆盖到 installer/debug-metadata 线索，并把推荐静态工具补到 PDB/pdata/symbols/behavior/breakpoint planning 的最小集合；不新增任何执行后端。","src/plugins/windows-runtime/index.ts; tests/unit/windows-runtime-readiness.test.ts; tests/unit/plugin-format-matrix.test.ts","新增 `tests/unit/windows-runtime-readiness.test.ts`：断言 selected_backends、plan_only execution_semantics、safety_notes、runtimePolicy、workflow recipe、安全禁网和新增推荐工具。; 更新 `tests/unit/plugin-format-matrix.test.ts` 的 runtime plan 插件断言：包含新增 Windows formats/routing tags，并确认 `tool.runtime` 仍为 undefined。","npm test -- --runTestsByPath tests/unit/windows-runtime-readiness.test.ts tests/unit/runtime-session-templates.test.ts --runInBand; npm test -- --runTestsByPath tests/unit/plugin-format-matrix.test.ts tests/unit/tool-readiness.test.ts --runInBand; npm run lint; npm run build"
"wine","src/plugins/wine","metadata-search-profile","0.86","先做 metadata-only 深化：为 `wine.run`、`wine.env`、`wine.dll_overrides`、`wine.reg` 添加 tool-level aspects、artifacts/evidence、workflowRecipes 和 tool-level runtimePolicy；同时把 `wine.run` policy 与 `winedbg`/timeout/网络 caveat 表达准确。","src/plugins/wine/index.ts; src/plugins/wine/tools/wine-run.ts; src/plugins/wine/tools/wine-env.ts; src/plugins/wine/tools/wine-reg.ts; src/plugins/wine/tools/wine-dll-overrides.ts","tests/unit/plugin-format-matrix.test.ts：断言 Wine tool metadata、workflow recipe 和实际 evidence/artifact 声明。; tests/unit/workflow-search.test.ts：增加 `.exe`/dynamic/debug/registry/DLL override 查询命中 Wine 对应 tool 的排序或 matched_profile_fields。; tests/unit/tool-help.test.ts 或 tests/unit/tool-readiness.test.ts：断言 `wine.run` 显示 approved/runtime policy/winedbg caveat，`wine.env`/`wine.reg` 显示不同的风险级别。","npm test -- --runTestsByPath tests/unit/plugin-format-matrix.test.ts tests/unit/workflow-search.test.ts tests/unit/tool-help.test.ts tests/unit/tool-readiness.test.ts; npm run typecheck"
"yara","src/plugins/yara","runtime-readiness-policy","0.9","给 `yara.scan` 做一个小而闭环的 scan-validation handoff：声明 tool-level workflow/evidence metadata，持久化 bounded `backend_yara_scan` artifact，并让 evidence graph 能把 YARA scan matches、ruleset provenance、confidence summary 和 offset evidence 接入报告链路。","src/plugins/yara/tools/yara-scan.ts; src/artifacts/evidence-correlation.ts; tests/unit/yara-scan.test.ts; tests/unit/evidence-graph.test.ts; tests/unit/plugin-format-matrix.test.ts; docs/PLUGINS.md; docs/tool-catalog.html","`tests/unit/yara-scan.test.ts`：覆盖 artifact declaration、workflow recipe、structured handoff/quality gates、bounded matched_data。; `tests/unit/evidence-graph.test.ts`：覆盖 `backend_yara_scan` artifact 转为 signature/provenance/confidence graph nodes。; `tests/unit/plugin-format-matrix.test.ts`：覆盖 `yara.scan` 新 evidence/workflow/artifact metadata。; 必要时更新 docs 生成快照或 `docs/PLUGINS.md` 中 workflow recipe 表。","npm test -- --runInBand --forceExit --runTestsByPath tests/unit/yara-scan.test.ts tests/unit/evidence-graph.test.ts tests/unit/plugin-format-matrix.test.ts tests/unit/workflow-search.test.ts; npx tsc --noEmit --pretty false; npm run docs:tool-catalog; git diff --check -- src/plugins/yara/tools/yara-scan.ts src/artifacts/evidence-correlation.ts tests/unit/yara-scan.test.ts tests/unit/evidence-graph.test.ts tests/unit/plugin-format-matrix.test.ts docs/PLUGINS.md docs/tool-catalog.html"
"yara-x","src/plugins/yara-x","runtime-readiness-policy","0.9","做一个 metadata/readiness/search 的小迭代：不改变 `yara_x.scan` 扫描逻辑，只把外部 YARA-X backend、默认规则路径、规则验证/engine comparison 语义显式写入 plugin/tool metadata，并同步单测期望。","src/plugins/yara-x/index.ts; src/plugins/yara-x/tools/yara-x-scan.ts; tests/unit/yara-x-scan.test.ts; tests/unit/plugin-format-matrix.test.ts; tests/unit/workflow-search.test.ts; docs/PLUGINS.md; docs/tool-catalog.html","在 `tests/unit/yara-x-scan.test.ts` 断言 recipe 包含 `runtimeBackends: ['yara_x']`，safety/capabilities 包含新增 metadata 关键词。; 在 `tests/unit/plugin-format-matrix.test.ts` 更新 `yara-x.scan-validation-handoff` 的 `runtimeBackends` 期望，并断言 aspect metadata 覆盖 rule validation / engine comparison 关键词。; 在 `tests/unit/workflow-search.test.ts` 增加一个小用例：查询 `YARA-X rule validation`、`legacy YARA comparison` 或 `weak yara corroboration` 时，`yara-x` / `yara_x.scan` 能进入推荐结果。","npm test -- tests/unit/yara-x-scan.test.ts tests/unit/plugin-format-matrix.test.ts tests/unit/workflow-search.test.ts; npm run typecheck; npm run docs:tool-catalog"
